my room,
talking in Oaks
no talking in Oaks
step,action_name,reward,obs_distance_from_entrance,obs_distance_from_last_position_from_high_reward,obs_reward_taken_flag,map_id,x,y
1,UP,0.01,1.0,8.0,1.0,38,3,6
2,DOWN,0.01,1.0,8.0,-1.0,38,3,7
3,UP,0.01,2.0,9.0,-1.0,38,3,6
4,DOWN,0.01,1.0,8.0,-1.0,38,3,7
5,UP,0.01,2.0,9.0,-1.0,38,3,6
6,UP,-0.005,1.0,8.0,-1.0,38,3,6
7,LEFT,0.01,1.0,8.0,-1.0,38,2,6
8,DOWN,0.01,2.0,9.0,-1.0,38,2,7
9,DOWN,-0.005,3.0,10.0,-1.0,38,2,7
10,DOWN,-0.005,3.0,10.0,-1.0,38,2,7
11,DOWN,-0.005,3.0,10.0,-1.0,38,2,7
12,UP,0.01,3.0,10.0,-1.0,38,2,6
13,UP,0.01,2.0,9.0,-1.0,38,2,5
14,LEFT,0.01,3.0,8.0,-1.0,38,1,5
15,UP,0.01,4.0,9.0,-1.0,38,1,4
16,DOWN,0.01,5.0,8.0,-1.0,38,1,5
17,UP,0.01,4.0,9.0,-1.0,38,1,4
18,UP,0.01,5.0,8.0,-1.0,38,1,3
19,LEFT,0.01,6.0,7.0,-1.0,38,0,3
20,DOWN,0.01,7.0,8.0,-1.0,38,0,4
21,UP,0.01,6.0,9.0,-1.0,38,0,3
22,DOWN,0.01,7.0,8.0,-1.0,38,0,4
23,UP,0.01,6.0,9.0,-1.0,38,0,3
24,LEFT,-0.005,7.0,8.0,-1.0,38,0,3
25,LEFT,-0.005,7.0,8.0,-1.0,38,0,3
26,RIGHT,0.01,7.0,8.0,-1.0,38,1,3
27,UP,0.01,6.0,7.0,-1.0,38,1,2
28,UP,-0.005,7.0,6.0,-1.0,38,1,2
29,RIGHT,0.01,7.0,6.0,-1.0,38,2,2
30,UP,-0.005,6.0,5.0,-1.0,38,2,2
31,UP,-0.005,6.0,5.0,-1.0,38,2,2
32,LEFT,0.01,6.0,5.0,-1.0,38,1,2
33,LEFT,0.01,7.0,6.0,-1.0,38,0,2
34,RIGHT,0.01,8.0,7.0,-1.0,38,1,2
35,RIGHT,0.01,7.0,6.0,-1.0,38,2,2
36,RIGHT,0.01,6.0,5.0,-1.0,38,3,2
37,RIGHT,0.01,5.0,4.0,-1.0,38,4,2
38,UP,0.01,4.0,3.0,-1.0,38,4,1
39,RIGHT,0.01,5.0,2.0,-1.0,38,5,1
40,UP,-0.005,6.0,1.0,-1.0,38,5,1
41,RIGHT,0.01,6.0,1.0,-1.0,38,6,1
42,RIGHT,3.01,7.0,0.0,-1.0,37,7,1
43,UP,-0.005,0.0,11.0,-1.0,37,7,1
44,DOWN,0.01,0.0,11.0,-1.0,37,7,2
45,DOWN,0.01,1.0,10.0,-1.0,37,7,3
46,DOWN,0.01,2.0,9.0,-1.0,37,7,4
47,DOWN,0.01,3.0,8.0,-1.0,37,7,5
48,UP,0.01,4.0,7.0,-1.0,37,7,4
49,DOWN,0.01,3.0,8.0,-1.0,37,7,5
50,RIGHT,-0.005,4.0,7.0,-1.0,37,7,5
51,UP,0.01,4.0,7.0,-1.0,37,7,4
52,DOWN,0.01,3.0,8.0,-1.0,37,7,5
53,RIGHT,-0.005,4.0,7.0,-1.0,37,7,5
54,UP,0.01,4.0,7.0,-1.0,37,7,4
55,UP,0.01,3.0,8.0,-1.0,37,7,3
56,DOWN,0.01,2.0,9.0,-1.0,37,7,4
57,UP,0.01,3.0,8.0,-1.0,37,7,3
58,UP,0.01,2.0,9.0,-1.0,37,7,2
59,DOWN,0.01,1.0,10.0,-1.0,37,7,3
60,UP,0.01,2.0,9.0,-1.0,37,7,2
61,DOWN,0.01,1.0,10.0,-1.0,37,7,3
62,DOWN,0.01,2.0,9.0,-1.0,37,7,4
63,DOWN,0.01,3.0,8.0,-1.0,37,7,5
64,DOWN,0.01,4.0,7.0,-1.0,37,7,6
65,RIGHT,-0.005,5.0,6.0,-1.0,37,7,6
66,UP,0.01,5.0,6.0,-1.0,37,7,5
67,DOWN,0.01,4.0,7.0,-1.0,37,7,6
68,UP,0.01,5.0,6.0,-1.0,37,7,5
69,UP,0.01,4.0,7.0,-1.0,37,7,4
70,UP,0.01,3.0,8.0,-1.0,37,7,3
71,DOWN,0.01,2.0,9.0,-1.0,37,7,4
72,DOWN,0.01,3.0,8.0,-1.0,37,7,5
73,UP,0.01,4.0,7.0,-1.0,37,7,4
74,DOWN,0.01,3.0,8.0,-1.0,37,7,5
75,DOWN,0.01,4.0,7.0,-1.0,37,7,6
76,UP,0.01,5.0,6.0,-1.0,37,7,5
77,DOWN,0.01,4.0,7.0,-1.0,37,7,6
78,LEFT,0.01,5.0,6.0,-1.0,37,6,6
79,DOWN,0.01,6.0,5.0,-1.0,37,6,7
80,LEFT,0.01,7.0,4.0,-1.0,37,5,7
81,LEFT,0.01,8.0,3.0,-1.0,37,4,7
82,RIGHT,0.01,9.0,2.0,-1.0,37,5,7
83,LEFT,0.01,8.0,3.0,-1.0,37,4,7
84,DOWN,-0.005,9.0,2.0,-1.0,37,4,7
85,LEFT,0.01,9.0,2.0,-1.0,37,3,7
86,DOWN,3.01,10.0,1.0,-1.0,0,5,6
87,DOWN,0.01,0.0,10.0,-1.0,0,5,7
88,LEFT,0.01,1.0,9.0,-1.0,0,4,7
89,DOWN,0.01,2.0,10.0,-1.0,0,4,8
90,DOWN,-0.005,3.0,9.0,-1.0,0,4,8
91,UP,0.01,3.0,9.0,-1.0,0,4,7
92,UP,0.01,2.0,10.0,-1.0,0,4,6
93,DOWN,0.01,1.0,11.0,-1.0,0,4,7
94,UP,0.01,2.0,10.0,-1.0,0,4,6
95,DOWN,0.01,1.0,11.0,-1.0,0,4,7
96,DOWN,0.01,2.0,10.0,-1.0,0,4,8
97,UP,0.01,3.0,9.0,-1.0,0,4,7
98,DOWN,0.01,2.0,10.0,-1.0,0,4,8
99,UP,0.01,3.0,9.0,-1.0,0,4,7
100,A,-0.005,2.0,10.0,-1.0,0,4,7
101,UP,0.01,2.0,10.0,-1.0,0,4,6
102,DOWN,0.01,1.0,11.0,-1.0,0,4,7
103,DOWN,0.01,2.0,10.0,-1.0,0,4,8
104,UP,0.01,3.0,9.0,-1.0,0,4,7
105,DOWN,0.01,2.0,10.0,-1.0,0,4,8
106,DOWN,-0.005,3.0,9.0,-1.0,0,4,8
107,UP,0.01,3.0,9.0,-1.0,0,4,7
108,DOWN,0.01,2.0,10.0,-1.0,0,4,8
109,DOWN,-0.005,3.0,9.0,-1.0,0,4,8
110,DOWN,-0.005,3.0,9.0,-1.0,0,4,8
111,UP,0.01,3.0,9.0,-1.0,0,4,7
112,DOWN,0.01,2.0,10.0,-1.0,0,4,8
113,LEFT,0.01,3.0,9.0,-1.0,0,3,8
114,DOWN,0.01,4.0,10.0,-1.0,0,3,9
115,DOWN,0.01,5.0,9.0,-1.0,0,3,10
116,UP,0.01,6.0,8.0,-1.0,0,3,9
117,UP,0.01,5.0,9.0,-1.0,0,3,8
118,DOWN,0.01,4.0,10.0,-1.0,0,3,9
119,DOWN,0.01,5.0,9.0,-1.0,0,3,10
120,DOWN,0.01,6.0,8.0,-1.0,0,3,11
121,LEFT,0.01,7.0,7.0,-1.0,0,2,11
122,RIGHT,0.01,8.0,8.0,-1.0,0,3,11
123,UP,0.01,7.0,7.0,-1.0,0,3,10
124,UP,0.01,6.0,8.0,-1.0,0,3,9
125,UP,0.01,5.0,9.0,-1.0,0,3,8
126,UP,0.01,4.0,10.0,-1.0,0,3,7
127,DOWN,0.01,3.0,11.0,-1.0,0,3,8
128,UP,0.01,4.0,10.0,-1.0,0,3,7
129,DOWN,0.01,3.0,11.0,-1.0,0,3,8
130,DOWN,0.01,4.0,10.0,-1.0,0,3,9
131,DOWN,0.01,5.0,9.0,-1.0,0,3,10
132,DOWN,0.01,6.0,8.0,-1.0,0,3,11
133,RIGHT,0.01,7.0,7.0,-1.0,0,4,11
134,RIGHT,0.01,6.0,6.0,-1.0,0,5,11
135,RIGHT,0.01,5.0,5.0,-1.0,0,6,11
136,LEFT,0.01,6.0,4.0,-1.0,0,5,11
137,DOWN,0.01,5.0,5.0,-1.0,0,5,12
138,DOWN,0.01,6.0,4.0,-1.0,0,5,13
139,RIGHT,0.01,7.0,5.0,-1.0,0,6,13
140,LEFT,0.01,8.0,4.0,-1.0,0,5,13
141,LEFT,0.01,7.0,5.0,-1.0,0,4,13
142,RIGHT,0.01,8.0,6.0,-1.0,0,5,13
143,UP,0.01,7.0,5.0,-1.0,0,5,12
144,LEFT,0.01,6.0,4.0,-1.0,0,4,12
145,RIGHT,0.01,7.0,5.0,-1.0,0,5,12
146,UP,0.01,6.0,4.0,-1.0,0,5,11
147,DOWN,0.01,5.0,5.0,-1.0,0,5,12
148,RIGHT,0.01,6.0,4.0,-1.0,0,6,12
149,RIGHT,0.01,7.0,3.0,-1.0,0,7,12
150,DOWN,0.01,8.0,2.0,-1.0,0,7,13
151,DOWN,-0.005,9.0,3.0,-1.0,0,7,13
152,RIGHT,0.01,9.0,3.0,-1.0,0,8,13
153,DOWN,0.01,10.0,2.0,-1.0,0,8,14
154,RIGHT,0.01,11.0,3.0,-1.0,0,9,14
155,UP,0.01,12.0,2.0,-1.0,0,9,13
156,UP,0.01,11.0,1.0,-1.0,0,9,12
157,RIGHT,0.01,10.0,0.0,-1.0,0,10,12
158,UP,-0.005,11.0,1.0,-1.0,0,10,12
159,DOWN,-0.005,11.0,1.0,-1.0,0,10,12
160,B,-0.005,11.0,1.0,-1.0,0,10,12
161,DOWN,-0.005,11.0,1.0,-1.0,0,10,12
162,UP,-0.005,11.0,1.0,-1.0,0,10,12
163,RIGHT,0.01,11.0,1.0,-1.0,0,11,12
164,RIGHT,0.01,12.0,2.0,-1.0,0,12,12
165,RIGHT,0.01,13.0,3.0,-1.0,0,13,12
166,LEFT,0.01,14.0,4.0,-1.0,0,12,12
167,DOWN,-0.005,13.0,3.0,-1.0,0,12,12
168,UP,3.01,13.0,3.0,-1.0,40,5,11
169,B,-0.005,0.0,-1.0,-1.0,40,5,11
170,LEFT,0.01,0.0,-1.0,-1.0,40,4,11
171,UP,0.01,1.0,-1.0,-1.0,40,4,10
172,LEFT,0.01,2.0,-1.0,-1.0,40,3,10
173,B,-0.005,3.0,-1.0,-1.0,40,3,10
174,B,-0.005,3.0,-1.0,-1.0,40,3,10
175,B,-0.005,3.0,-1.0,-1.0,40,3,10
176,UP,0.01,3.0,-1.0,-1.0,40,3,9
177,B,-0.005,4.0,-1.0,-1.0,40,3,9
178,B,-0.005,4.0,-1.0,-1.0,40,3,9
179,B,-0.005,4.0,-1.0,-1.0,40,3,9
180,RIGHT,0.01,4.0,-1.0,-1.0,40,4,9
181,RIGHT,0.01,3.0,-1.0,-1.0,40,5,9
182,B,-0.005,2.0,-1.0,-1.0,40,5,9
183,UP,0.01,2.0,-1.0,-1.0,40,5,8
184,B,-0.005,3.0,-1.0,-1.0,40,5,8
185,UP,0.01,3.0,-1.0,-1.0,40,5,7
186,RIGHT,-0.005,4.0,-1.0,-1.0,40,5,7
187,LEFT,0.01,4.0,-1.0,-1.0,40,4,7
188,B,-0.005,5.0,-1.0,-1.0,40,4,7
189,RIGHT,0.01,5.0,-1.0,-1.0,40,5,7
190,RIGHT,-0.005,4.0,-1.0,-1.0,40,5,7
191,LEFT,0.01,4.0,-1.0,-1.0,40,4,7
192,RIGHT,0.01,5.0,-1.0,-1.0,40,5,7
193,RIGHT,-0.005,4.0,-1.0,-1.0,40,5,7
194,LEFT,0.01,4.0,-1.0,-1.0,40,4,7
195,LEFT,-0.005,5.0,-1.0,-1.0,40,4,7
196,RIGHT,0.01,5.0,-1.0,-1.0,40,5,7
197,UP,0.01,4.0,-1.0,-1.0,40,5,6
198,LEFT,0.01,5.0,-1.0,-1.0,40,4,6
199,UP,0.01,6.0,-1.0,-1.0,40,4,5
200,B,-0.005,7.0,-1.0,-1.0,40,4,5
201,RIGHT,0.01,7.0,-1.0,-1.0,40,5,5
202,UP,0.01,6.0,-1.0,-1.0,40,5,4
203,RIGHT,0.01,7.0,-1.0,-1.0,40,6,4
204,RIGHT,0.01,8.0,-1.0,-1.0,40,7,4
205,RIGHT,0.01,9.0,-1.0,-1.0,40,8,4
206,DOWN,0.01,10.0,-1.0,-1.0,40,8,5
207,LEFT,0.01,9.0,-1.0,-1.0,40,7,5
208,RIGHT,0.01,8.0,-1.0,-1.0,40,8,5
209,RIGHT,0.01,9.0,-1.0,-1.0,40,9,5
210,UP,0.01,10.0,-1.0,-1.0,40,9,4
211,LEFT,0.01,11.0,-1.0,-1.0,40,8,4
212,RIGHT,0.01,10.0,-1.0,-1.0,40,9,4
213,DOWN,0.01,11.0,-1.0,-1.0,40,9,5
214,UP,0.01,10.0,-1.0,-1.0,40,9,4
215,UP,0.01,11.0,-1.0,-1.0,40,9,3
216,DOWN,0.01,12.0,-1.0,-1.0,40,9,4
217,DOWN,0.01,11.0,-1.0,-1.0,40,9,5
218,RIGHT,-0.005,10.0,-1.0,-1.0,40,9,5
219,RIGHT,-0.005,10.0,-1.0,-1.0,40,9,5
220,DOWN,-0.005,10.0,-1.0,-1.0,40,9,5
221,DOWN,-0.005,10.0,-1.0,-1.0,40,9,5
222,DOWN,-0.005,10.0,-1.0,-1.0,40,9,5
223,UP,0.01,10.0,-1.0,-1.0,40,9,4
224,UP,0.01,11.0,-1.0,-1.0,40,9,3
225,UP,0.01,12.0,-1.0,-1.0,40,9,2
226,LEFT,0.01,13.0,-1.0,-1.0,40,8,2
227,LEFT,0.01,12.0,-1.0,-1.0,40,7,2
228,RIGHT,0.01,11.0,-1.0,-1.0,40,8,2
229,B,-0.005,12.0,-1.0,-1.0,40,8,2
230,RIGHT,0.01,12.0,-1.0,-1.0,40,9,2
231,RIGHT,-0.005,13.0,-1.0,-1.0,40,9,2
232,UP,-0.005,13.0,-1.0,-1.0,40,9,2
233,RIGHT,-0.005,13.0,-1.0,-1.0,40,9,2
234,LEFT,0.01,13.0,-1.0,-1.0,40,8,2
235,UP,-0.005,12.0,-1.0,-1.0,40,8,2
236,RIGHT,0.01,12.0,-1.0,-1.0,40,9,2
237,DOWN,0.01,13.0,-1.0,-1.0,40,9,3
238,RIGHT,-0.005,12.0,-1.0,-1.0,40,9,3
239,B,-0.005,12.0,-1.0,-1.0,40,9,3
240,UP,0.01,12.0,-1.0,-1.0,40,9,2
241,UP,-0.005,13.0,-1.0,-1.0,40,9,2
242,DOWN,0.01,13.0,-1.0,-1.0,40,9,3
243,RIGHT,-0.005,12.0,-1.0,-1.0,40,9,3
244,UP,0.01,12.0,-1.0,-1.0,40,9,2
245,RIGHT,-0.005,13.0,-1.0,-1.0,40,9,2
246,UP,-0.005,13.0,-1.0,-1.0,40,9,2
247,UP,-0.005,13.0,-1.0,-1.0,40,9,2
248,RIGHT,-0.005,13.0,-1.0,-1.0,40,9,2
249,RIGHT,-0.005,13.0,-1.0,-1.0,40,9,2
250,UP,-0.005,13.0,-1.0,-1.0,40,9,2
251,DOWN,0.01,13.0,-1.0,-1.0,40,9,3
252,DOWN,0.01,12.0,-1.0,-1.0,40,9,4
253,LEFT,0.01,11.0,-1.0,-1.0,40,8,4
254,UP,-0.005,10.0,-1.0,-1.0,40,8,4
255,DOWN,0.01,10.0,-1.0,-1.0,40,8,5
256,B,-0.005,9.0,-1.0,-1.0,40,8,5
257,RIGHT,0.01,9.0,-1.0,-1.0,40,9,5
258,DOWN,-0.005,10.0,-1.0,-1.0,40,9,5
259,B,-0.005,10.0,-1.0,-1.0,40,9,5
260,UP,0.01,10.0,-1.0,-1.0,40,9,4
261,DOWN,0.01,11.0,-1.0,-1.0,40,9,5
262,RIGHT,-0.005,10.0,-1.0,-1.0,40,9,5
263,UP,0.01,10.0,-1.0,-1.0,40,9,4
264,RIGHT,-0.005,11.0,-1.0,-1.0,40,9,4
265,UP,0.01,11.0,-1.0,-1.0,40,9,3
266,RIGHT,-0.005,12.0,-1.0,-1.0,40,9,3
267,DOWN,0.01,12.0,-1.0,-1.0,40,9,4
268,DOWN,0.01,11.0,-1.0,-1.0,40,9,5
269,UP,0.01,10.0,-1.0,-1.0,40,9,4
270,RIGHT,-0.005,11.0,-1.0,-1.0,40,9,4
271,UP,0.01,11.0,-1.0,-1.0,40,9,3
272,DOWN,0.01,12.0,-1.0,-1.0,40,9,4
273,DOWN,0.01,11.0,-1.0,-1.0,40,9,5
274,A,-0.005,10.0,-1.0,-1.0,40,9,5
275,UP,0.01,10.0,-1.0,-1.0,40,9,4
276,UP,0.01,11.0,-1.0,-1.0,40,9,3
277,RIGHT,-0.005,12.0,-1.0,-1.0,40,9,3
278,RIGHT,-0.005,12.0,-1.0,-1.0,40,9,3
279,RIGHT,-0.005,12.0,-1.0,-1.0,40,9,3
280,RIGHT,-0.005,12.0,-1.0,-1.0,40,9,3
281,DOWN,0.01,12.0,-1.0,-1.0,40,9,4
282,RIGHT,-0.005,11.0,-1.0,-1.0,40,9,4
283,B,-0.005,11.0,-1.0,-1.0,40,9,4
284,RIGHT,-0.005,11.0,-1.0,-1.0,40,9,4
285,RIGHT,-0.005,11.0,-1.0,-1.0,40,9,4
286,UP,0.01,11.0,-1.0,-1.0,40,9,3
287,RIGHT,-0.005,12.0,-1.0,-1.0,40,9,3
288,UP,0.01,12.0,-1.0,-1.0,40,9,2
289,DOWN,0.01,13.0,-1.0,-1.0,40,9,3
290,DOWN,0.01,12.0,-1.0,-1.0,40,9,4
291,RIGHT,-0.005,11.0,-1.0,-1.0,40,9,4
292,LEFT,0.01,11.0,-1.0,-1.0,40,8,4
293,LEFT,0.01,10.0,-1.0,-1.0,40,7,4
294,UP,-0.005,9.0,-1.0,-1.0,40,7,4
295,RIGHT,0.01,9.0,-1.0,-1.0,40,8,4
296,RIGHT,0.01,10.0,-1.0,-1.0,40,9,4
297,UP,0.01,11.0,-1.0,-1.0,40,9,3
298,DOWN,0.01,12.0,-1.0,-1.0,40,9,4
299,RIGHT,-0.005,11.0,-1.0,-1.0,40,9,4
300,RIGHT,-0.005,11.0,-1.0,-1.0,40,9,4
301,UP,0.01,11.0,-1.0,-1.0,40,9,3
302,DOWN,0.01,12.0,-1.0,-1.0,40,9,4
303,RIGHT,-0.005,11.0,-1.0,-1.0,40,9,4
304,UP,0.01,11.0,-1.0,-1.0,40,9,3
305,DOWN,0.01,12.0,-1.0,-1.0,40,9,4
306,B,-0.005,11.0,-1.0,-1.0,40,9,4
307,DOWN,0.01,11.0,-1.0,-1.0,40,9,5
308,LEFT,0.01,10.0,-1.0,-1.0,40,8,5
309,DOWN,-0.005,9.0,-1.0,-1.0,40,8,5
310,UP,0.01,9.0,-1.0,-1.0,40,8,4
311,RIGHT,0.01,10.0,-1.0,-1.0,40,9,4
312,DOWN,0.01,11.0,-1.0,-1.0,40,9,5
313,RIGHT,-0.005,10.0,-1.0,-1.0,40,9,5
314,UP,0.01,10.0,-1.0,-1.0,40,9,4
315,UP,0.01,11.0,-1.0,-1.0,40,9,3
316,UP,0.01,12.0,-1.0,-1.0,40,9,2
317,UP,-0.005,13.0,-1.0,-1.0,40,9,2
318,DOWN,0.01,13.0,-1.0,-1.0,40,9,3
319,UP,0.01,12.0,-1.0,-1.0,40,9,2
320,DOWN,0.01,13.0,-1.0,-1.0,40,9,3
321,DOWN,0.01,12.0,-1.0,-1.0,40,9,4
322,RIGHT,-0.005,11.0,-1.0,-1.0,40,9,4
323,DOWN,0.01,11.0,-1.0,-1.0,40,9,5
324,UP,0.01,10.0,-1.0,-1.0,40,9,4
325,UP,0.01,11.0,-1.0,-1.0,40,9,3
326,RIGHT,-0.005,12.0,-1.0,-1.0,40,9,3
327,LEFT,-0.005,12.0,-1.0,-1.0,40,9,3
328,LEFT,-0.005,12.0,-1.0,-1.0,40,9,3
329,DOWN,0.01,12.0,-1.0,-1.0,40,9,4
330,B,-0.005,11.0,-1.0,-1.0,40,9,4
331,DOWN,0.01,11.0,-1.0,-1.0,40,9,5
332,UP,0.01,10.0,-1.0,-1.0,40,9,4
333,RIGHT,-0.005,11.0,-1.0,-1.0,40,9,4
334,B,-0.005,11.0,-1.0,-1.0,40,9,4
335,DOWN,0.01,11.0,-1.0,-1.0,40,9,5
336,B,-0.005,10.0,-1.0,-1.0,40,9,5
337,RIGHT,-0.005,10.0,-1.0,-1.0,40,9,5
338,LEFT,0.01,10.0,-1.0,-1.0,40,8,5
339,RIGHT,0.01,9.0,-1.0,-1.0,40,9,5
340,UP,0.01,10.0,-1.0,-1.0,40,9,4
341,UP,0.01,11.0,-1.0,-1.0,40,9,3
342,LEFT,-0.005,12.0,-1.0,-1.0,40,9,3
343,B,-0.005,12.0,-1.0,-1.0,40,9,3
344,B,-0.005,12.0,-1.0,-1.0,40,9,3
345,A,-0.005,12.0,-1.0,-1.0,40,9,3
346,UP,-0.005,12.0,-1.0,-1.0,40,9,3
347,RIGHT,-0.005,12.0,-1.0,-1.0,40,9,3
348,UP,-0.005,12.0,-1.0,-1.0,40,9,3
349,UP,-0.005,12.0,-1.0,-1.0,40,9,3
350,UP,-0.005,12.0,-1.0,-1.0,40,9,3
351,UP,-0.005,12.0,-1.0,-1.0,40,9,3
352,RIGHT,-0.005,12.0,-1.0,-1.0,40,9,3
353,RIGHT,-0.005,12.0,-1.0,-1.0,40,9,3
354,RIGHT,-0.005,12.0,-1.0,-1.0,40,9,3
355,LEFT,-0.005,12.0,-1.0,-1.0,40,9,3
356,RIGHT,-0.005,12.0,-1.0,-1.0,40,9,3
357,UP,-0.005,12.0,-1.0,-1.0,40,9,3
358,DOWN,-0.005,12.0,-1.0,-1.0,40,9,3
359,UP,-0.005,12.0,-1.0,-1.0,40,9,3
360,RIGHT,-0.005,12.0,-1.0,-1.0,40,9,3
361,B,-0.005,12.0,-1.0,-1.0,40,9,3
362,DOWN,-0.005,12.0,-1.0,-1.0,40,9,3
363,UP,-0.005,12.0,-1.0,-1.0,40,9,3
364,RIGHT,-0.005,12.0,-1.0,-1.0,40,9,3
365,DOWN,-0.005,12.0,-1.0,-1.0,40,9,3
366,RIGHT,-0.005,12.0,-1.0,-1.0,40,9,3
367,UP,-0.005,12.0,-1.0,-1.0,40,9,3
368,UP,-0.005,12.0,-1.0,-1.0,40,9,3
369,B,-0.005,12.0,-1.0,-1.0,40,9,3
370,DOWN,0.01,12.0,-1.0,-1.0,40,9,4
371,B,-0.005,11.0,-1.0,-1.0,40,9,4
372,DOWN,0.01,11.0,-1.0,-1.0,40,9,5
373,B,-0.005,10.0,-1.0,-1.0,40,9,5
374,UP,0.01,10.0,-1.0,-1.0,40,9,4
375,DOWN,0.01,11.0,-1.0,-1.0,40,9,5
376,RIGHT,-0.005,10.0,-1.0,-1.0,40,9,5
377,UP,0.01,10.0,-1.0,-1.0,40,9,4
378,DOWN,0.01,11.0,-1.0,-1.0,40,9,5
379,UP,0.01,10.0,-1.0,-1.0,40,9,4
380,B,-0.005,11.0,-1.0,-1.0,40,9,4
381,RIGHT,-0.005,11.0,-1.0,-1.0,40,9,4
382,UP,0.01,11.0,-1.0,-1.0,40,9,3
383,RIGHT,-0.005,12.0,-1.0,-1.0,40,9,3
384,RIGHT,-0.005,12.0,-1.0,-1.0,40,9,3
385,RIGHT,-0.005,12.0,-1.0,-1.0,40,9,3
386,RIGHT,-0.005,12.0,-1.0,-1.0,40,9,3
387,DOWN,0.01,12.0,-1.0,-1.0,40,9,4
388,UP,0.01,11.0,-1.0,-1.0,40,9,3
389,B,-0.005,12.0,-1.0,-1.0,40,9,3
390,DOWN,0.01,12.0,-1.0,-1.0,40,9,4
391,RIGHT,-0.005,11.0,-1.0,-1.0,40,9,4
392,RIGHT,-0.005,11.0,-1.0,-1.0,40,9,4
393,RIGHT,-0.005,11.0,-1.0,-1.0,40,9,4
394,UP,0.01,11.0,-1.0,-1.0,40,9,3
395,B,-0.005,12.0,-1.0,-1.0,40,9,3
396,DOWN,0.01,12.0,-1.0,-1.0,40,9,4
397,RIGHT,-0.005,11.0,-1.0,-1.0,40,9,4
398,RIGHT,-0.005,11.0,-1.0,-1.0,40,9,4
399,LEFT,0.01,11.0,-1.0,-1.0,40,8,4
400,RIGHT,0.01,10.0,-1.0,-1.0,40,9,4
401,B,-0.005,11.0,-1.0,-1.0,40,9,4
402,UP,0.01,11.0,-1.0,-1.0,40,9,3
403,RIGHT,-0.005,12.0,-1.0,-1.0,40,9,3
404,UP,0.01,12.0,-1.0,-1.0,40,9,2
405,UP,-0.005,13.0,-1.0,-1.0,40,9,2
406,B,-0.005,13.0,-1.0,-1.0,40,9,2
407,UP,-0.005,13.0,-1.0,-1.0,40,9,2
408,DOWN,0.01,13.0,-1.0,-1.0,40,9,3
409,RIGHT,-0.005,12.0,-1.0,-1.0,40,9,3
410,DOWN,0.01,12.0,-1.0,-1.0,40,9,4
411,UP,0.01,11.0,-1.0,-1.0,40,9,3
412,B,-0.005,12.0,-1.0,-1.0,40,9,3
413,DOWN,0.01,12.0,-1.0,-1.0,40,9,4
414,DOWN,0.01,11.0,-1.0,-1.0,40,9,5
415,LEFT,0.01,10.0,-1.0,-1.0,40,8,5
416,B,-0.005,9.0,-1.0,-1.0,40,8,5
417,UP,0.01,9.0,-1.0,-1.0,40,8,4
418,B,-0.005,10.0,-1.0,-1.0,40,8,4
419,RIGHT,0.01,10.0,-1.0,-1.0,40,9,4
420,B,-0.005,11.0,-1.0,-1.0,40,9,4
421,DOWN,0.01,11.0,-1.0,-1.0,40,9,5
422,RIGHT,-0.005,10.0,-1.0,-1.0,40,9,5
423,RIGHT,-0.005,10.0,-1.0,-1.0,40,9,5
424,B,-0.005,10.0,-1.0,-1.0,40,9,5
425,B,-0.005,10.0,-1.0,-1.0,40,9,5
426,LEFT,0.01,10.0,-1.0,-1.0,40,8,5
427,RIGHT,0.01,9.0,-1.0,-1.0,40,9,5
428,UP,0.01,10.0,-1.0,-1.0,40,9,4
429,B,-0.005,11.0,-1.0,-1.0,40,9,4
430,UP,0.01,11.0,-1.0,-1.0,40,9,3
431,UP,0.01,12.0,-1.0,-1.0,40,9,2
432,DOWN,0.01,13.0,-1.0,-1.0,40,9,3
433,UP,0.01,12.0,-1.0,-1.0,40,9,2
434,DOWN,0.01,13.0,-1.0,-1.0,40,9,3
435,RIGHT,-0.005,12.0,-1.0,-1.0,40,9,3
436,RIGHT,-0.005,12.0,-1.0,-1.0,40,9,3
437,DOWN,0.01,12.0,-1.0,-1.0,40,9,4
438,LEFT,0.01,11.0,-1.0,-1.0,40,8,4
439,RIGHT,0.01,10.0,-1.0,-1.0,40,9,4
440,RIGHT,-0.005,11.0,-1.0,-1.0,40,9,4
441,RIGHT,-0.005,11.0,-1.0,-1.0,40,9,4
442,UP,0.01,11.0,-1.0,-1.0,40,9,3
443,UP,0.01,12.0,-1.0,-1.0,40,9,2
444,UP,-0.005,13.0,-1.0,-1.0,40,9,2
445,DOWN,0.01,13.0,-1.0,-1.0,40,9,3
446,DOWN,0.01,12.0,-1.0,-1.0,40,9,4
447,LEFT,0.01,11.0,-1.0,-1.0,40,8,4
448,RIGHT,0.01,10.0,-1.0,-1.0,40,9,4
449,RIGHT,-0.005,11.0,-1.0,-1.0,40,9,4
450,DOWN,0.01,11.0,-1.0,-1.0,40,9,5
451,B,-0.005,10.0,-1.0,-1.0,40,9,5
452,RIGHT,-0.005,10.0,-1.0,-1.0,40,9,5
453,B,-0.005,10.0,-1.0,-1.0,40,9,5
454,UP,0.01,10.0,-1.0,-1.0,40,9,4
455,A,-0.005,11.0,-1.0,-1.0,40,9,4
456,UP,0.01,11.0,-1.0,-1.0,40,9,3
457,RIGHT,-0.005,12.0,-1.0,-1.0,40,9,3
458,UP,0.01,12.0,-1.0,-1.0,40,9,2
459,UP,-0.005,13.0,-1.0,-1.0,40,9,2
460,UP,-0.005,13.0,-1.0,-1.0,40,9,2
461,B,-0.005,13.0,-1.0,-1.0,40,9,2
462,DOWN,0.01,13.0,-1.0,-1.0,40,9,3
463,UP,0.01,12.0,-1.0,-1.0,40,9,2
464,UP,-0.005,13.0,-1.0,-1.0,40,9,2
465,B,-0.005,13.0,-1.0,-1.0,40,9,2
466,LEFT,0.01,13.0,-1.0,-1.0,40,8,2
467,B,-0.005,12.0,-1.0,-1.0,40,8,2
468,RIGHT,0.01,12.0,-1.0,-1.0,40,9,2
469,UP,-0.005,13.0,-1.0,-1.0,40,9,2
470,UP,-0.005,13.0,-1.0,-1.0,40,9,2
471,DOWN,0.01,13.0,-1.0,-1.0,40,9,3
472,LEFT,-0.005,12.0,-1.0,-1.0,40,9,3
473,RIGHT,-0.005,12.0,-1.0,-1.0,40,9,3
474,RIGHT,-0.005,12.0,-1.0,-1.0,40,9,3
475,DOWN,0.01,12.0,-1.0,-1.0,40,9,4
476,DOWN,0.01,11.0,-1.0,-1.0,40,9,5
477,RIGHT,-0.005,10.0,-1.0,-1.0,40,9,5
478,RIGHT,-0.005,10.0,-1.0,-1.0,40,9,5
479,DOWN,-0.005,10.0,-1.0,-1.0,40,9,5
480,RIGHT,-0.005,10.0,-1.0,-1.0,40,9,5
481,RIGHT,-0.005,10.0,-1.0,-1.0,40,9,5
482,UP,0.01,10.0,-1.0,-1.0,40,9,4
483,UP,0.01,11.0,-1.0,-1.0,40,9,3
484,DOWN,0.01,12.0,-1.0,-1.0,40,9,4
485,RIGHT,-0.005,11.0,-1.0,-1.0,40,9,4
486,UP,0.01,11.0,-1.0,-1.0,40,9,3
487,UP,0.01,12.0,-1.0,-1.0,40,9,2
488,UP,-0.005,13.0,-1.0,-1.0,40,9,2
489,RIGHT,-0.005,13.0,-1.0,-1.0,40,9,2
490,DOWN,0.01,13.0,-1.0,-1.0,40,9,3
491,B,-0.005,12.0,-1.0,-1.0,40,9,3
492,RIGHT,-0.005,12.0,-1.0,-1.0,40,9,3
493,UP,0.01,12.0,-1.0,-1.0,40,9,2
494,RIGHT,-0.005,13.0,-1.0,-1.0,40,9,2
495,DOWN,0.01,13.0,-1.0,-1.0,40,9,3
496,RIGHT,-0.005,12.0,-1.0,-1.0,40,9,3
497,RIGHT,-0.005,12.0,-1.0,-1.0,40,9,3
498,UP,0.01,12.0,-1.0,-1.0,40,9,2
499,RIGHT,-0.005,13.0,-1.0,-1.0,40,9,2
500,RIGHT,-0.005,13.0,-1.0,-1.0,40,9,2
501,UP,-0.005,13.0,-1.0,-1.0,40,9,2
502,UP,-0.005,13.0,-1.0,-1.0,40,9,2
503,DOWN,0.01,13.0,-1.0,-1.0,40,9,3
504,RIGHT,-0.005,12.0,-1.0,-1.0,40,9,3
505,B,-0.005,12.0,-1.0,-1.0,40,9,3
506,DOWN,0.01,12.0,-1.0,-1.0,40,9,4
507,DOWN,0.01,11.0,-1.0,-1.0,40,9,5
508,B,-0.005,10.0,-1.0,-1.0,40,9,5
509,RIGHT,-0.005,10.0,-1.0,-1.0,40,9,5
510,RIGHT,-0.005,10.0,-1.0,-1.0,40,9,5
511,RIGHT,-0.005,10.0,-1.0,-1.0,40,9,5
512,RIGHT,-0.005,10.0,-1.0,-1.0,40,9,5
513,LEFT,0.01,10.0,-1.0,-1.0,40,8,5
514,UP,0.01,9.0,-1.0,-1.0,40,8,4
515,UP,-0.005,10.0,-1.0,-1.0,40,8,4
516,RIGHT,0.01,10.0,-1.0,-1.0,40,9,4
517,UP,0.01,11.0,-1.0,-1.0,40,9,3
518,DOWN,0.01,12.0,-1.0,-1.0,40,9,4
519,B,-0.005,11.0,-1.0,-1.0,40,9,4
520,UP,0.01,11.0,-1.0,-1.0,40,9,3
521,UP,0.01,12.0,-1.0,-1.0,40,9,2
522,UP,-0.005,13.0,-1.0,-1.0,40,9,2
523,RIGHT,-0.005,13.0,-1.0,-1.0,40,9,2
524,DOWN,0.01,13.0,-1.0,-1.0,40,9,3
525,DOWN,0.01,12.0,-1.0,-1.0,40,9,4
526,DOWN,0.01,11.0,-1.0,-1.0,40,9,5
527,UP,0.01,10.0,-1.0,-1.0,40,9,4
528,RIGHT,-0.005,11.0,-1.0,-1.0,40,9,4
529,RIGHT,-0.005,11.0,-1.0,-1.0,40,9,4
530,LEFT,0.01,11.0,-1.0,-1.0,40,8,4
531,RIGHT,0.01,10.0,-1.0,-1.0,40,9,4
532,RIGHT,-0.005,11.0,-1.0,-1.0,40,9,4
533,UP,0.01,11.0,-1.0,-1.0,40,9,3
534,B,-0.005,12.0,-1.0,-1.0,40,9,3
535,UP,0.01,12.0,-1.0,-1.0,40,9,2
536,DOWN,0.01,13.0,-1.0,-1.0,40,9,3
537,RIGHT,-0.005,12.0,-1.0,-1.0,40,9,3
538,RIGHT,-0.005,12.0,-1.0,-1.0,40,9,3
539,UP,0.01,12.0,-1.0,-1.0,40,9,2
540,LEFT,0.01,13.0,-1.0,-1.0,40,8,2
541,UP,-0.005,12.0,-1.0,-1.0,40,8,2
542,RIGHT,0.01,12.0,-1.0,-1.0,40,9,2
543,DOWN,0.01,13.0,-1.0,-1.0,40,9,3
544,UP,0.01,12.0,-1.0,-1.0,40,9,2
545,DOWN,0.01,13.0,-1.0,-1.0,40,9,3
546,RIGHT,-0.005,12.0,-1.0,-1.0,40,9,3
547,UP,0.01,12.0,-1.0,-1.0,40,9,2
548,RIGHT,-0.005,13.0,-1.0,-1.0,40,9,2
549,RIGHT,-0.005,13.0,-1.0,-1.0,40,9,2
550,UP,-0.005,13.0,-1.0,-1.0,40,9,2
551,DOWN,0.01,13.0,-1.0,-1.0,40,9,3
552,UP,0.01,12.0,-1.0,-1.0,40,9,2
553,UP,-0.005,13.0,-1.0,-1.0,40,9,2
554,UP,-0.005,13.0,-1.0,-1.0,40,9,2
555,DOWN,0.01,13.0,-1.0,-1.0,40,9,3
556,RIGHT,-0.005,12.0,-1.0,-1.0,40,9,3
557,RIGHT,-0.005,12.0,-1.0,-1.0,40,9,3
558,UP,0.01,12.0,-1.0,-1.0,40,9,2
559,RIGHT,-0.005,13.0,-1.0,-1.0,40,9,2
560,DOWN,0.01,13.0,-1.0,-1.0,40,9,3
561,UP,0.01,12.0,-1.0,-1.0,40,9,2
562,DOWN,0.01,13.0,-1.0,-1.0,40,9,3
563,B,-0.005,12.0,-1.0,-1.0,40,9,3
564,RIGHT,-0.005,12.0,-1.0,-1.0,40,9,3
565,DOWN,0.01,12.0,-1.0,-1.0,40,9,4
566,B,-0.005,11.0,-1.0,-1.0,40,9,4
567,RIGHT,-0.005,11.0,-1.0,-1.0,40,9,4
568,RIGHT,-0.005,11.0,-1.0,-1.0,40,9,4
569,LEFT,0.01,11.0,-1.0,-1.0,40,8,4
570,RIGHT,0.01,10.0,-1.0,-1.0,40,9,4
571,RIGHT,-0.005,11.0,-1.0,-1.0,40,9,4
572,DOWN,0.01,11.0,-1.0,-1.0,40,9,5
573,UP,0.01,10.0,-1.0,-1.0,40,9,4
574,B,-0.005,11.0,-1.0,-1.0,40,9,4
575,RIGHT,-0.005,11.0,-1.0,-1.0,40,9,4
576,DOWN,0.01,11.0,-1.0,-1.0,40,9,5
577,RIGHT,-0.005,10.0,-1.0,-1.0,40,9,5
578,UP,0.01,10.0,-1.0,-1.0,40,9,4
579,DOWN,0.01,11.0,-1.0,-1.0,40,9,5
580,RIGHT,-0.005,10.0,-1.0,-1.0,40,9,5
581,DOWN,-0.005,10.0,-1.0,-1.0,40,9,5
582,RIGHT,-0.005,10.0,-1.0,-1.0,40,9,5
583,RIGHT,-0.005,10.0,-1.0,-1.0,40,9,5
584,RIGHT,-0.005,10.0,-1.0,-1.0,40,9,5
585,UP,0.01,10.0,-1.0,-1.0,40,9,4
586,DOWN,0.01,11.0,-1.0,-1.0,40,9,5
587,DOWN,-0.005,10.0,-1.0,-1.0,40,9,5
588,B,-0.005,10.0,-1.0,-1.0,40,9,5
589,RIGHT,-0.005,10.0,-1.0,-1.0,40,9,5
590,DOWN,-0.005,10.0,-1.0,-1.0,40,9,5
591,DOWN,-0.005,10.0,-1.0,-1.0,40,9,5
592,LEFT,0.01,10.0,-1.0,-1.0,40,8,5
593,B,-0.005,9.0,-1.0,-1.0,40,8,5
594,RIGHT,0.01,9.0,-1.0,-1.0,40,9,5
595,DOWN,-0.005,10.0,-1.0,-1.0,40,9,5
596,UP,0.01,10.0,-1.0,-1.0,40,9,4
597,UP,0.01,11.0,-1.0,-1.0,40,9,3
598,RIGHT,-0.005,12.0,-1.0,-1.0,40,9,3
599,LEFT,-0.005,12.0,-1.0,-1.0,40,9,3
600,DOWN,0.01,12.0,-1.0,-1.0,40,9,4
601,UP,0.01,11.0,-1.0,-1.0,40,9,3
602,B,-0.005,12.0,-1.0,-1.0,40,9,3
603,RIGHT,-0.005,12.0,-1.0,-1.0,40,9,3
604,RIGHT,-0.005,12.0,-1.0,-1.0,40,9,3
605,RIGHT,-0.005,12.0,-1.0,-1.0,40,9,3
606,DOWN,0.01,12.0,-1.0,-1.0,40,9,4
607,RIGHT,-0.005,11.0,-1.0,-1.0,40,9,4
608,LEFT,0.01,11.0,-1.0,-1.0,40,8,4
609,RIGHT,0.01,10.0,-1.0,-1.0,40,9,4
610,UP,0.01,11.0,-1.0,-1.0,40,9,3
611,LEFT,-0.005,12.0,-1.0,-1.0,40,9,3
612,RIGHT,-0.005,12.0,-1.0,-1.0,40,9,3
613,LEFT,-0.005,12.0,-1.0,-1.0,40,9,3
614,RIGHT,-0.005,12.0,-1.0,-1.0,40,9,3
615,B,-0.005,12.0,-1.0,-1.0,40,9,3
616,RIGHT,-0.005,12.0,-1.0,-1.0,40,9,3
617,UP,0.01,12.0,-1.0,-1.0,40,9,2
618,DOWN,0.01,13.0,-1.0,-1.0,40,9,3
619,DOWN,0.01,12.0,-1.0,-1.0,40,9,4
620,RIGHT,-0.005,11.0,-1.0,-1.0,40,9,4
621,UP,0.01,11.0,-1.0,-1.0,40,9,3
622,UP,0.01,12.0,-1.0,-1.0,40,9,2
623,DOWN,0.01,13.0,-1.0,-1.0,40,9,3
624,RIGHT,-0.005,12.0,-1.0,-1.0,40,9,3
625,DOWN,0.01,12.0,-1.0,-1.0,40,9,4
626,UP,0.01,11.0,-1.0,-1.0,40,9,3
627,RIGHT,-0.005,12.0,-1.0,-1.0,40,9,3
628,DOWN,0.01,12.0,-1.0,-1.0,40,9,4
629,DOWN,0.01,11.0,-1.0,-1.0,40,9,5
630,UP,0.01,10.0,-1.0,-1.0,40,9,4
631,DOWN,0.01,11.0,-1.0,-1.0,40,9,5
632,DOWN,-0.005,10.0,-1.0,-1.0,40,9,5
633,RIGHT,-0.005,10.0,-1.0,-1.0,40,9,5
634,DOWN,-0.005,10.0,-1.0,-1.0,40,9,5
635,RIGHT,-0.005,10.0,-1.0,-1.0,40,9,5
636,UP,0.01,10.0,-1.0,-1.0,40,9,4
637,B,-0.005,11.0,-1.0,-1.0,40,9,4
638,UP,0.01,11.0,-1.0,-1.0,40,9,3
639,UP,0.01,12.0,-1.0,-1.0,40,9,2
640,RIGHT,-0.005,13.0,-1.0,-1.0,40,9,2
641,UP,-0.005,13.0,-1.0,-1.0,40,9,2
642,RIGHT,-0.005,13.0,-1.0,-1.0,40,9,2
643,UP,-0.005,13.0,-1.0,-1.0,40,9,2
644,UP,-0.005,13.0,-1.0,-1.0,40,9,2
645,DOWN,0.01,13.0,-1.0,-1.0,40,9,3
646,B,-0.005,12.0,-1.0,-1.0,40,9,3
647,DOWN,0.01,12.0,-1.0,-1.0,40,9,4
648,UP,0.01,11.0,-1.0,-1.0,40,9,3
649,UP,0.01,12.0,-1.0,-1.0,40,9,2
650,RIGHT,-0.005,13.0,-1.0,-1.0,40,9,2
651,UP,-0.005,13.0,-1.0,-1.0,40,9,2
652,RIGHT,-0.005,13.0,-1.0,-1.0,40,9,2
653,DOWN,0.01,13.0,-1.0,-1.0,40,9,3
654,B,-0.005,12.0,-1.0,-1.0,40,9,3
655,UP,0.01,12.0,-1.0,-1.0,40,9,2
656,LEFT,0.01,13.0,-1.0,-1.0,40,8,2
657,DOWN,-0.005,12.0,-1.0,-1.0,40,8,2
658,RIGHT,0.01,12.0,-1.0,-1.0,40,9,2
659,DOWN,0.01,13.0,-1.0,-1.0,40,9,3
660,DOWN,0.01,12.0,-1.0,-1.0,40,9,4
661,DOWN,0.01,11.0,-1.0,-1.0,40,9,5
662,UP,0.01,10.0,-1.0,-1.0,40,9,4
663,UP,0.01,11.0,-1.0,-1.0,40,9,3
664,UP,0.01,12.0,-1.0,-1.0,40,9,2
665,RIGHT,-0.005,13.0,-1.0,-1.0,40,9,2
666,RIGHT,-0.005,13.0,-1.0,-1.0,40,9,2
667,B,-0.005,13.0,-1.0,-1.0,40,9,2
668,DOWN,0.01,13.0,-1.0,-1.0,40,9,3
669,B,-0.005,12.0,-1.0,-1.0,40,9,3
670,UP,0.01,12.0,-1.0,-1.0,40,9,2
671,UP,-0.005,13.0,-1.0,-1.0,40,9,2
672,RIGHT,-0.005,13.0,-1.0,-1.0,40,9,2
673,B,-0.005,13.0,-1.0,-1.0,40,9,2
674,DOWN,0.01,13.0,-1.0,-1.0,40,9,3
675,B,-0.005,12.0,-1.0,-1.0,40,9,3
676,DOWN,0.01,12.0,-1.0,-1.0,40,9,4
677,UP,0.01,11.0,-1.0,-1.0,40,9,3
678,RIGHT,-0.005,12.0,-1.0,-1.0,40,9,3
679,RIGHT,-0.005,12.0,-1.0,-1.0,40,9,3
680,DOWN,0.01,12.0,-1.0,-1.0,40,9,4
681,RIGHT,-0.005,11.0,-1.0,-1.0,40,9,4
682,DOWN,0.01,11.0,-1.0,-1.0,40,9,5
683,RIGHT,-0.005,10.0,-1.0,-1.0,40,9,5
684,RIGHT,-0.005,10.0,-1.0,-1.0,40,9,5
685,LEFT,0.01,10.0,-1.0,-1.0,40,8,5
686,RIGHT,0.01,9.0,-1.0,-1.0,40,9,5
687,UP,0.01,10.0,-1.0,-1.0,40,9,4
688,UP,0.01,11.0,-1.0,-1.0,40,9,3
689,B,-0.005,12.0,-1.0,-1.0,40,9,3
690,LEFT,-0.005,12.0,-1.0,-1.0,40,9,3
691,UP,0.01,12.0,-1.0,-1.0,40,9,2
692,B,-0.005,13.0,-1.0,-1.0,40,9,2
693,DOWN,0.01,13.0,-1.0,-1.0,40,9,3
694,UP,0.01,12.0,-1.0,-1.0,40,9,2
695,LEFT,0.01,13.0,-1.0,-1.0,40,8,2
696,LEFT,0.01,12.0,-1.0,-1.0,40,7,2
697,RIGHT,0.01,11.0,-1.0,-1.0,40,8,2
698,UP,-0.005,12.0,-1.0,-1.0,40,8,2
699,DOWN,-0.005,12.0,-1.0,-1.0,40,8,2
700,B,-0.005,12.0,-1.0,-1.0,40,8,2
701,LEFT,0.01,12.0,-1.0,-1.0,40,7,2
702,DOWN,-0.005,11.0,-1.0,-1.0,40,7,2
703,DOWN,-0.005,11.0,-1.0,-1.0,40,7,2
704,LEFT,0.01,11.0,-1.0,-1.0,40,6,2
705,RIGHT,0.01,10.0,-1.0,-1.0,40,7,2
706,DOWN,-0.005,11.0,-1.0,-1.0,40,7,2
707,RIGHT,0.01,11.0,-1.0,-1.0,40,8,2
708,DOWN,-0.005,12.0,-1.0,-1.0,40,8,2
709,RIGHT,0.01,12.0,-1.0,-1.0,40,9,2
710,DOWN,0.01,13.0,-1.0,-1.0,40,9,3
711,B,-0.005,12.0,-1.0,-1.0,40,9,3
712,RIGHT,-0.005,12.0,-1.0,-1.0,40,9,3
713,UP,0.01,12.0,-1.0,-1.0,40,9,2
714,DOWN,0.01,13.0,-1.0,-1.0,40,9,3
715,DOWN,0.01,12.0,-1.0,-1.0,40,9,4
716,LEFT,0.01,11.0,-1.0,-1.0,40,8,4
717,RIGHT,0.01,10.0,-1.0,-1.0,40,9,4
718,B,-0.005,11.0,-1.0,-1.0,40,9,4
719,DOWN,0.01,11.0,-1.0,-1.0,40,9,5
720,DOWN,-0.005,10.0,-1.0,-1.0,40,9,5
721,RIGHT,-0.005,10.0,-1.0,-1.0,40,9,5
722,DOWN,-0.005,10.0,-1.0,-1.0,40,9,5
723,UP,0.01,10.0,-1.0,-1.0,40,9,4
724,UP,0.01,11.0,-1.0,-1.0,40,9,3
725,RIGHT,-0.005,12.0,-1.0,-1.0,40,9,3
726,DOWN,0.01,12.0,-1.0,-1.0,40,9,4
727,RIGHT,-0.005,11.0,-1.0,-1.0,40,9,4
728,DOWN,0.01,11.0,-1.0,-1.0,40,9,5
729,RIGHT,-0.005,10.0,-1.0,-1.0,40,9,5
730,UP,0.01,10.0,-1.0,-1.0,40,9,4
731,RIGHT,-0.005,11.0,-1.0,-1.0,40,9,4
732,UP,0.01,11.0,-1.0,-1.0,40,9,3
733,DOWN,0.01,12.0,-1.0,-1.0,40,9,4
734,UP,0.01,11.0,-1.0,-1.0,40,9,3
735,RIGHT,-0.005,12.0,-1.0,-1.0,40,9,3
736,B,-0.005,12.0,-1.0,-1.0,40,9,3
737,DOWN,0.01,12.0,-1.0,-1.0,40,9,4
738,RIGHT,-0.005,11.0,-1.0,-1.0,40,9,4
739,UP,0.01,11.0,-1.0,-1.0,40,9,3
740,DOWN,0.01,12.0,-1.0,-1.0,40,9,4
741,DOWN,0.01,11.0,-1.0,-1.0,40,9,5
742,DOWN,-0.005,10.0,-1.0,-1.0,40,9,5
743,B,-0.005,10.0,-1.0,-1.0,40,9,5
744,RIGHT,-0.005,10.0,-1.0,-1.0,40,9,5
745,B,-0.005,10.0,-1.0,-1.0,40,9,5
746,RIGHT,-0.005,10.0,-1.0,-1.0,40,9,5
747,RIGHT,-0.005,10.0,-1.0,-1.0,40,9,5
748,UP,0.01,10.0,-1.0,-1.0,40,9,4
749,RIGHT,-0.005,11.0,-1.0,-1.0,40,9,4
750,UP,0.01,11.0,-1.0,-1.0,40,9,3
751,DOWN,0.01,12.0,-1.0,-1.0,40,9,4
752,RIGHT,-0.005,11.0,-1.0,-1.0,40,9,4
753,UP,0.01,11.0,-1.0,-1.0,40,9,3
754,LEFT,-0.005,12.0,-1.0,-1.0,40,9,3
755,RIGHT,-0.005,12.0,-1.0,-1.0,40,9,3
756,DOWN,0.01,12.0,-1.0,-1.0,40,9,4
757,DOWN,0.01,11.0,-1.0,-1.0,40,9,5
758,RIGHT,-0.005,10.0,-1.0,-1.0,40,9,5
759,RIGHT,-0.005,10.0,-1.0,-1.0,40,9,5
760,RIGHT,-0.005,10.0,-1.0,-1.0,40,9,5
761,UP,0.01,10.0,-1.0,-1.0,40,9,4
762,DOWN,0.01,11.0,-1.0,-1.0,40,9,5
763,RIGHT,-0.005,10.0,-1.0,-1.0,40,9,5
764,UP,0.01,10.0,-1.0,-1.0,40,9,4
765,DOWN,0.01,11.0,-1.0,-1.0,40,9,5
766,RIGHT,-0.005,10.0,-1.0,-1.0,40,9,5
767,UP,0.01,10.0,-1.0,-1.0,40,9,4
768,LEFT,0.01,11.0,-1.0,-1.0,40,8,4
769,LEFT,0.01,10.0,-1.0,-1.0,40,7,4
770,UP,-0.005,9.0,-1.0,-1.0,40,7,4
771,UP,-0.005,9.0,-1.0,-1.0,40,7,4
772,UP,-0.005,9.0,-1.0,-1.0,40,7,4
773,LEFT,0.01,9.0,-1.0,-1.0,40,6,4
774,LEFT,0.01,8.0,-1.0,-1.0,40,5,4
775,UP,0.01,7.0,-1.0,-1.0,40,5,3
776,RIGHT,-0.005,8.0,-1.0,-1.0,40,5,3
777,RIGHT,-0.005,8.0,-1.0,-1.0,40,5,3
778,B,-0.005,8.0,-1.0,-1.0,40,5,3
779,B,-0.005,8.0,-1.0,-1.0,40,5,3
780,UP,0.01,8.0,-1.0,-1.0,40,5,2
781,RIGHT,0.01,9.0,-1.0,-1.0,40,6,2
782,UP,-0.005,10.0,-1.0,-1.0,40,6,2
783,LEFT,0.01,10.0,-1.0,-1.0,40,5,2
784,LEFT,0.01,9.0,-1.0,-1.0,40,4,2
785,DOWN,-0.005,10.0,-1.0,-1.0,40,4,2
786,UP,0.01,10.0,-1.0,-1.0,40,4,1
787,RIGHT,0.01,11.0,-1.0,-1.0,40,5,1
788,UP,-0.005,10.0,-1.0,-1.0,40,5,1
789,RIGHT,-0.005,10.0,-1.0,-1.0,40,5,1
790,B,-0.005,10.0,-1.0,-1.0,40,5,1
791,DOWN,0.01,10.0,-1.0,-1.0,40,5,2
792,RIGHT,0.01,9.0,-1.0,-1.0,40,6,2
793,UP,-0.005,10.0,-1.0,-1.0,40,6,2
794,RIGHT,0.01,10.0,-1.0,-1.0,40,7,2
795,DOWN,-0.005,11.0,-1.0,-1.0,40,7,2
796,DOWN,-0.005,11.0,-1.0,-1.0,40,7,2
797,DOWN,-0.005,11.0,-1.0,-1.0,40,7,2
798,RIGHT,0.01,11.0,-1.0,-1.0,40,8,2
799,UP,-0.005,12.0,-1.0,-1.0,40,8,2
800,B,-0.005,12.0,-1.0,-1.0,40,8,2
801,RIGHT,0.01,12.0,-1.0,-1.0,40,9,2
802,UP,-0.005,13.0,-1.0,-1.0,40,9,2
803,DOWN,0.01,13.0,-1.0,-1.0,40,9,3
804,RIGHT,-0.005,12.0,-1.0,-1.0,40,9,3
805,B,-0.005,12.0,-1.0,-1.0,40,9,3
806,LEFT,-0.005,12.0,-1.0,-1.0,40,9,3
807,DOWN,0.01,12.0,-1.0,-1.0,40,9,4
808,UP,0.01,11.0,-1.0,-1.0,40,9,3
809,LEFT,-0.005,12.0,-1.0,-1.0,40,9,3
810,RIGHT,-0.005,12.0,-1.0,-1.0,40,9,3
811,UP,0.01,12.0,-1.0,-1.0,40,9,2
812,DOWN,0.01,13.0,-1.0,-1.0,40,9,3
813,RIGHT,-0.005,12.0,-1.0,-1.0,40,9,3
814,LEFT,-0.005,12.0,-1.0,-1.0,40,9,3
815,UP,0.01,12.0,-1.0,-1.0,40,9,2
816,RIGHT,-0.005,13.0,-1.0,-1.0,40,9,2
817,RIGHT,-0.005,13.0,-1.0,-1.0,40,9,2
818,UP,-0.005,13.0,-1.0,-1.0,40,9,2
819,DOWN,0.01,13.0,-1.0,-1.0,40,9,3
820,LEFT,-0.005,12.0,-1.0,-1.0,40,9,3
821,DOWN,0.01,12.0,-1.0,-1.0,40,9,4
822,RIGHT,-0.005,11.0,-1.0,-1.0,40,9,4
823,DOWN,0.01,11.0,-1.0,-1.0,40,9,5
824,RIGHT,-0.005,10.0,-1.0,-1.0,40,9,5
825,UP,0.01,10.0,-1.0,-1.0,40,9,4
826,RIGHT,-0.005,11.0,-1.0,-1.0,40,9,4
827,UP,0.01,11.0,-1.0,-1.0,40,9,3
828,UP,0.01,12.0,-1.0,-1.0,40,9,2
829,RIGHT,-0.005,13.0,-1.0,-1.0,40,9,2
830,DOWN,0.01,13.0,-1.0,-1.0,40,9,3
831,LEFT,-0.005,12.0,-1.0,-1.0,40,9,3
832,LEFT,-0.005,12.0,-1.0,-1.0,40,9,3
833,DOWN,0.01,12.0,-1.0,-1.0,40,9,4
834,UP,0.01,11.0,-1.0,-1.0,40,9,3
835,DOWN,0.01,12.0,-1.0,-1.0,40,9,4
836,LEFT,0.01,11.0,-1.0,-1.0,40,8,4
837,UP,-0.005,10.0,-1.0,-1.0,40,8,4
838,B,-0.005,10.0,-1.0,-1.0,40,8,4
839,UP,-0.005,10.0,-1.0,-1.0,40,8,4
840,UP,-0.005,10.0,-1.0,-1.0,40,8,4
841,DOWN,0.01,10.0,-1.0,-1.0,40,8,5
842,UP,0.01,9.0,-1.0,-1.0,40,8,4
843,UP,-0.005,10.0,-1.0,-1.0,40,8,4
844,UP,-0.005,10.0,-1.0,-1.0,40,8,4
845,B,-0.005,10.0,-1.0,-1.0,40,8,4
846,RIGHT,0.01,10.0,-1.0,-1.0,40,9,4
847,RIGHT,-0.005,11.0,-1.0,-1.0,40,9,4
848,UP,0.01,11.0,-1.0,-1.0,40,9,3
849,DOWN,0.01,12.0,-1.0,-1.0,40,9,4
850,B,-0.005,11.0,-1.0,-1.0,40,9,4
851,LEFT,0.01,11.0,-1.0,-1.0,40,8,4
852,B,-0.005,10.0,-1.0,-1.0,40,8,4
853,RIGHT,0.01,10.0,-1.0,-1.0,40,9,4
854,UP,0.01,11.0,-1.0,-1.0,40,9,3
855,UP,0.01,12.0,-1.0,-1.0,40,9,2
856,LEFT,0.01,13.0,-1.0,-1.0,40,8,2
857,UP,-0.005,12.0,-1.0,-1.0,40,8,2
858,B,-0.005,12.0,-1.0,-1.0,40,8,2
859,RIGHT,0.01,12.0,-1.0,-1.0,40,9,2
860,UP,-0.005,13.0,-1.0,-1.0,40,9,2
861,RIGHT,-0.005,13.0,-1.0,-1.0,40,9,2
862,UP,-0.005,13.0,-1.0,-1.0,40,9,2
863,RIGHT,-0.005,13.0,-1.0,-1.0,40,9,2
864,DOWN,0.01,13.0,-1.0,-1.0,40,9,3
865,RIGHT,-0.005,12.0,-1.0,-1.0,40,9,3
866,RIGHT,-0.005,12.0,-1.0,-1.0,40,9,3
867,UP,0.01,12.0,-1.0,-1.0,40,9,2
868,RIGHT,-0.005,13.0,-1.0,-1.0,40,9,2
869,DOWN,0.01,13.0,-1.0,-1.0,40,9,3
870,LEFT,-0.005,12.0,-1.0,-1.0,40,9,3
871,RIGHT,-0.005,12.0,-1.0,-1.0,40,9,3
872,UP,0.01,12.0,-1.0,-1.0,40,9,2
873,DOWN,0.01,13.0,-1.0,-1.0,40,9,3
874,B,-0.005,12.0,-1.0,-1.0,40,9,3
875,RIGHT,-0.005,12.0,-1.0,-1.0,40,9,3
876,RIGHT,-0.005,12.0,-1.0,-1.0,40,9,3
877,UP,0.01,12.0,-1.0,-1.0,40,9,2
878,UP,-0.005,13.0,-1.0,-1.0,40,9,2
879,UP,-0.005,13.0,-1.0,-1.0,40,9,2
880,RIGHT,-0.005,13.0,-1.0,-1.0,40,9,2
881,UP,-0.005,13.0,-1.0,-1.0,40,9,2
882,UP,-0.005,13.0,-1.0,-1.0,40,9,2
883,DOWN,0.01,13.0,-1.0,-1.0,40,9,3
884,DOWN,0.01,12.0,-1.0,-1.0,40,9,4
885,DOWN,0.01,11.0,-1.0,-1.0,40,9,5
886,UP,0.01,10.0,-1.0,-1.0,40,9,4
887,UP,0.01,11.0,-1.0,-1.0,40,9,3
888,DOWN,0.01,12.0,-1.0,-1.0,40,9,4
889,B,-0.005,11.0,-1.0,-1.0,40,9,4
890,UP,0.01,11.0,-1.0,-1.0,40,9,3
891,LEFT,-0.005,12.0,-1.0,-1.0,40,9,3
892,DOWN,0.01,12.0,-1.0,-1.0,40,9,4
893,RIGHT,-0.005,11.0,-1.0,-1.0,40,9,4
894,RIGHT,-0.005,11.0,-1.0,-1.0,40,9,4
895,UP,0.01,11.0,-1.0,-1.0,40,9,3
896,UP,0.01,12.0,-1.0,-1.0,40,9,2
897,LEFT,0.01,13.0,-1.0,-1.0,40,8,2
898,RIGHT,0.01,12.0,-1.0,-1.0,40,9,2
899,RIGHT,-0.005,13.0,-1.0,-1.0,40,9,2
900,UP,-0.005,13.0,-1.0,-1.0,40,9,2
901,RIGHT,-0.005,13.0,-1.0,-1.0,40,9,2
902,RIGHT,-0.005,13.0,-1.0,-1.0,40,9,2
903,LEFT,0.01,13.0,-1.0,-1.0,40,8,2
904,RIGHT,0.01,12.0,-1.0,-1.0,40,9,2
905,B,-0.005,13.0,-1.0,-1.0,40,9,2
906,DOWN,0.01,13.0,-1.0,-1.0,40,9,3
907,DOWN,0.01,12.0,-1.0,-1.0,40,9,4
908,DOWN,0.01,11.0,-1.0,-1.0,40,9,5
909,RIGHT,-0.005,10.0,-1.0,-1.0,40,9,5
910,B,-0.005,10.0,-1.0,-1.0,40,9,5
911,RIGHT,-0.005,10.0,-1.0,-1.0,40,9,5
912,UP,0.01,10.0,-1.0,-1.0,40,9,4
913,DOWN,0.01,11.0,-1.0,-1.0,40,9,5
914,RIGHT,-0.005,10.0,-1.0,-1.0,40,9,5
915,RIGHT,-0.005,10.0,-1.0,-1.0,40,9,5
916,RIGHT,-0.005,10.0,-1.0,-1.0,40,9,5
917,UP,0.01,10.0,-1.0,-1.0,40,9,4
918,UP,0.01,11.0,-1.0,-1.0,40,9,3
919,UP,0.01,12.0,-1.0,-1.0,40,9,2
920,RIGHT,-0.005,13.0,-1.0,-1.0,40,9,2
921,UP,-0.005,13.0,-1.0,-1.0,40,9,2
922,B,-0.005,13.0,-1.0,-1.0,40,9,2
923,LEFT,0.01,13.0,-1.0,-1.0,40,8,2
924,RIGHT,0.01,12.0,-1.0,-1.0,40,9,2
925,DOWN,0.01,13.0,-1.0,-1.0,40,9,3
926,UP,0.01,12.0,-1.0,-1.0,40,9,2
927,DOWN,0.01,13.0,-1.0,-1.0,40,9,3
928,RIGHT,-0.005,12.0,-1.0,-1.0,40,9,3
929,UP,0.01,12.0,-1.0,-1.0,40,9,2
930,DOWN,0.01,13.0,-1.0,-1.0,40,9,3
931,RIGHT,-0.005,12.0,-1.0,-1.0,40,9,3
932,LEFT,-0.005,12.0,-1.0,-1.0,40,9,3
933,LEFT,-0.005,12.0,-1.0,-1.0,40,9,3
934,RIGHT,-0.005,12.0,-1.0,-1.0,40,9,3
935,DOWN,0.01,12.0,-1.0,-1.0,40,9,4
936,LEFT,0.01,11.0,-1.0,-1.0,40,8,4
937,LEFT,0.01,10.0,-1.0,-1.0,40,7,4
938,B,-0.005,9.0,-1.0,-1.0,40,7,4
939,B,-0.005,9.0,-1.0,-1.0,40,7,4
940,LEFT,0.01,9.0,-1.0,-1.0,40,6,4
941,UP,-0.005,8.0,-1.0,-1.0,40,6,4
942,UP,-0.005,8.0,-1.0,-1.0,40,6,4
943,UP,-0.005,8.0,-1.0,-1.0,40,6,4
944,B,-0.005,8.0,-1.0,-1.0,40,6,4
945,RIGHT,0.01,8.0,-1.0,-1.0,40,7,4
946,B,-0.005,9.0,-1.0,-1.0,40,7,4
947,UP,-0.005,9.0,-1.0,-1.0,40,7,4
948,UP,-0.005,9.0,-1.0,-1.0,40,7,4
949,RIGHT,0.01,9.0,-1.0,-1.0,40,8,4
950,RIGHT,0.01,10.0,-1.0,-1.0,40,9,4
951,B,-0.005,11.0,-1.0,-1.0,40,9,4
952,RIGHT,-0.005,11.0,-1.0,-1.0,40,9,4
953,RIGHT,-0.005,11.0,-1.0,-1.0,40,9,4
954,B,-0.005,11.0,-1.0,-1.0,40,9,4
955,DOWN,0.01,11.0,-1.0,-1.0,40,9,5
956,LEFT,0.01,10.0,-1.0,-1.0,40,8,5
957,UP,0.01,9.0,-1.0,-1.0,40,8,4
958,UP,-0.005,10.0,-1.0,-1.0,40,8,4
959,LEFT,0.01,10.0,-1.0,-1.0,40,7,4
960,RIGHT,0.01,9.0,-1.0,-1.0,40,8,4
961,RIGHT,0.01,10.0,-1.0,-1.0,40,9,4
962,UP,0.01,11.0,-1.0,-1.0,40,9,3
963,LEFT,-0.005,12.0,-1.0,-1.0,40,9,3
964,UP,0.01,12.0,-1.0,-1.0,40,9,2
965,DOWN,0.01,13.0,-1.0,-1.0,40,9,3
966,DOWN,0.01,12.0,-1.0,-1.0,40,9,4
967,DOWN,0.01,11.0,-1.0,-1.0,40,9,5
968,RIGHT,-0.005,10.0,-1.0,-1.0,40,9,5
969,LEFT,0.01,10.0,-1.0,-1.0,40,8,5
970,RIGHT,0.01,9.0,-1.0,-1.0,40,9,5
971,RIGHT,-0.005,10.0,-1.0,-1.0,40,9,5
972,RIGHT,-0.005,10.0,-1.0,-1.0,40,9,5
973,RIGHT,-0.005,10.0,-1.0,-1.0,40,9,5
974,RIGHT,-0.005,10.0,-1.0,-1.0,40,9,5
975,UP,0.01,10.0,-1.0,-1.0,40,9,4
976,DOWN,0.01,11.0,-1.0,-1.0,40,9,5
977,UP,0.01,10.0,-1.0,-1.0,40,9,4
978,B,-0.005,11.0,-1.0,-1.0,40,9,4
979,RIGHT,-0.005,11.0,-1.0,-1.0,40,9,4
980,UP,0.01,11.0,-1.0,-1.0,40,9,3
981,DOWN,0.01,12.0,-1.0,-1.0,40,9,4
982,UP,0.01,11.0,-1.0,-1.0,40,9,3
983,DOWN,0.01,12.0,-1.0,-1.0,40,9,4
984,UP,0.01,11.0,-1.0,-1.0,40,9,3
985,RIGHT,-0.005,12.0,-1.0,-1.0,40,9,3
986,RIGHT,-0.005,12.0,-1.0,-1.0,40,9,3
987,RIGHT,-0.005,12.0,-1.0,-1.0,40,9,3
988,RIGHT,-0.005,12.0,-1.0,-1.0,40,9,3
989,DOWN,0.01,12.0,-1.0,-1.0,40,9,4
990,LEFT,0.01,11.0,-1.0,-1.0,40,8,4
991,B,-0.005,10.0,-1.0,-1.0,40,8,4
992,UP,-0.005,10.0,-1.0,-1.0,40,8,4
993,UP,-0.005,10.0,-1.0,-1.0,40,8,4
994,UP,-0.005,10.0,-1.0,-1.0,40,8,4
995,UP,-0.005,10.0,-1.0,-1.0,40,8,4
996,UP,-0.005,10.0,-1.0,-1.0,40,8,4
997,DOWN,0.01,10.0,-1.0,-1.0,40,8,5
998,B,-0.005,9.0,-1.0,-1.0,40,8,5
999,UP,0.01,9.0,-1.0,-1.0,40,8,4
1000,RIGHT,0.01,10.0,-1.0,-1.0,40,9,4
1001,B,-0.005,11.0,-1.0,-1.0,40,9,4
1002,RIGHT,-0.005,11.0,-1.0,-1.0,40,9,4
1003,DOWN,0.01,11.0,-1.0,-1.0,40,9,5
1004,RIGHT,-0.005,10.0,-1.0,-1.0,40,9,5
1005,B,-0.005,10.0,-1.0,-1.0,40,9,5
1006,RIGHT,-0.005,10.0,-1.0,-1.0,40,9,5
1007,DOWN,-0.005,10.0,-1.0,-1.0,40,9,5
1008,UP,0.01,10.0,-1.0,-1.0,40,9,4
1009,UP,0.01,11.0,-1.0,-1.0,40,9,3
1010,RIGHT,-0.005,12.0,-1.0,-1.0,40,9,3
1011,B,-0.005,12.0,-1.0,-1.0,40,9,3
1012,DOWN,0.01,12.0,-1.0,-1.0,40,9,4
1013,RIGHT,-0.005,11.0,-1.0,-1.0,40,9,4
1014,RIGHT,-0.005,11.0,-1.0,-1.0,40,9,4
1015,UP,0.01,11.0,-1.0,-1.0,40,9,3
1016,B,-0.005,12.0,-1.0,-1.0,40,9,3
1017,DOWN,0.01,12.0,-1.0,-1.0,40,9,4
1018,RIGHT,-0.005,11.0,-1.0,-1.0,40,9,4
1019,LEFT,0.01,11.0,-1.0,-1.0,40,8,4
1020,LEFT,0.01,10.0,-1.0,-1.0,40,7,4
1021,RIGHT,0.01,9.0,-1.0,-1.0,40,8,4
1022,RIGHT,0.01,10.0,-1.0,-1.0,40,9,4
1023,B,-0.005,11.0,-1.0,-1.0,40,9,4
1024,B,-0.005,11.0,-1.0,-1.0,40,9,4
1025,LEFT,0.01,11.0,-1.0,-1.0,40,8,4
1026,LEFT,0.01,10.0,-1.0,-1.0,40,7,4
1027,RIGHT,0.01,9.0,-1.0,-1.0,40,8,4
1028,RIGHT,0.01,10.0,-1.0,-1.0,40,9,4
1029,RIGHT,-0.005,11.0,-1.0,-1.0,40,9,4
1030,B,-0.005,11.0,-1.0,-1.0,40,9,4
1031,RIGHT,-0.005,11.0,-1.0,-1.0,40,9,4
1032,LEFT,0.01,11.0,-1.0,-1.0,40,8,4
1033,DOWN,0.01,10.0,-1.0,-1.0,40,8,5
1034,LEFT,0.01,9.0,-1.0,-1.0,40,7,5
1035,UP,0.01,8.0,-1.0,-1.0,40,7,4
1036,RIGHT,0.01,9.0,-1.0,-1.0,40,8,4
1037,RIGHT,0.01,10.0,-1.0,-1.0,40,9,4
1038,RIGHT,-0.005,11.0,-1.0,-1.0,40,9,4
1039,UP,0.01,11.0,-1.0,-1.0,40,9,3
1040,DOWN,0.01,12.0,-1.0,-1.0,40,9,4
1041,B,-0.005,11.0,-1.0,-1.0,40,9,4
1042,DOWN,0.01,11.0,-1.0,-1.0,40,9,5
1043,RIGHT,-0.005,10.0,-1.0,-1.0,40,9,5
1044,A,-0.005,10.0,-1.0,-1.0,40,9,5
1045,B,-0.005,10.0,-1.0,-1.0,40,9,5
1046,UP,0.01,10.0,-1.0,-1.0,40,9,4
1047,RIGHT,-0.005,11.0,-1.0,-1.0,40,9,4
1048,LEFT,0.01,11.0,-1.0,-1.0,40,8,4
1049,DOWN,0.01,10.0,-1.0,-1.0,40,8,5
1050,UP,0.01,9.0,-1.0,-1.0,40,8,4
1051,B,-0.005,10.0,-1.0,-1.0,40,8,4
1052,RIGHT,0.01,10.0,-1.0,-1.0,40,9,4
1053,UP,0.01,11.0,-1.0,-1.0,40,9,3
1054,RIGHT,-0.005,12.0,-1.0,-1.0,40,9,3
1055,UP,0.01,12.0,-1.0,-1.0,40,9,2
1056,UP,-0.005,13.0,-1.0,-1.0,40,9,2
1057,RIGHT,-0.005,13.0,-1.0,-1.0,40,9,2
1058,RIGHT,-0.005,13.0,-1.0,-1.0,40,9,2
1059,DOWN,0.01,13.0,-1.0,-1.0,40,9,3
1060,B,-0.005,12.0,-1.0,-1.0,40,9,3
1061,B,-0.005,12.0,-1.0,-1.0,40,9,3
1062,RIGHT,-0.005,12.0,-1.0,-1.0,40,9,3
1063,DOWN,0.01,12.0,-1.0,-1.0,40,9,4
1064,LEFT,0.01,11.0,-1.0,-1.0,40,8,4
1065,DOWN,0.01,10.0,-1.0,-1.0,40,8,5
1066,RIGHT,0.01,9.0,-1.0,-1.0,40,9,5
1067,RIGHT,-0.005,10.0,-1.0,-1.0,40,9,5
1068,UP,0.01,10.0,-1.0,-1.0,40,9,4
1069,DOWN,0.01,11.0,-1.0,-1.0,40,9,5
1070,DOWN,-0.005,10.0,-1.0,-1.0,40,9,5
1071,B,-0.005,10.0,-1.0,-1.0,40,9,5
1072,LEFT,0.01,10.0,-1.0,-1.0,40,8,5
1073,B,-0.005,9.0,-1.0,-1.0,40,8,5
1074,UP,0.01,9.0,-1.0,-1.0,40,8,4
1075,RIGHT,0.01,10.0,-1.0,-1.0,40,9,4
1076,B,-0.005,11.0,-1.0,-1.0,40,9,4
1077,UP,0.01,11.0,-1.0,-1.0,40,9,3
1078,LEFT,-0.005,12.0,-1.0,-1.0,40,9,3
1079,RIGHT,-0.005,12.0,-1.0,-1.0,40,9,3
1080,B,-0.005,12.0,-1.0,-1.0,40,9,3
1081,RIGHT,-0.005,12.0,-1.0,-1.0,40,9,3
1082,UP,0.01,12.0,-1.0,-1.0,40,9,2
1083,RIGHT,-0.005,13.0,-1.0,-1.0,40,9,2
1084,UP,-0.005,13.0,-1.0,-1.0,40,9,2
1085,UP,-0.005,13.0,-1.0,-1.0,40,9,2
1086,DOWN,0.01,13.0,-1.0,-1.0,40,9,3
1087,LEFT,-0.005,12.0,-1.0,-1.0,40,9,3
1088,DOWN,0.01,12.0,-1.0,-1.0,40,9,4
1089,UP,0.01,11.0,-1.0,-1.0,40,9,3
1090,UP,0.01,12.0,-1.0,-1.0,40,9,2
1091,UP,-0.005,13.0,-1.0,-1.0,40,9,2
1092,RIGHT,-0.005,13.0,-1.0,-1.0,40,9,2
1093,UP,-0.005,13.0,-1.0,-1.0,40,9,2
1094,DOWN,0.01,13.0,-1.0,-1.0,40,9,3
1095,UP,0.01,12.0,-1.0,-1.0,40,9,2
1096,UP,-0.005,13.0,-1.0,-1.0,40,9,2
1097,B,-0.005,13.0,-1.0,-1.0,40,9,2
1098,RIGHT,-0.005,13.0,-1.0,-1.0,40,9,2
1099,LEFT,0.01,13.0,-1.0,-1.0,40,8,2
1100,DOWN,-0.005,12.0,-1.0,-1.0,40,8,2
1101,RIGHT,0.01,12.0,-1.0,-1.0,40,9,2
1102,RIGHT,-0.005,13.0,-1.0,-1.0,40,9,2
1103,RIGHT,-0.005,13.0,-1.0,-1.0,40,9,2
1104,DOWN,0.01,13.0,-1.0,-1.0,40,9,3
1105,LEFT,-0.005,12.0,-1.0,-1.0,40,9,3
1106,RIGHT,-0.005,12.0,-1.0,-1.0,40,9,3
1107,DOWN,0.01,12.0,-1.0,-1.0,40,9,4
1108,B,-0.005,11.0,-1.0,-1.0,40,9,4
1109,RIGHT,-0.005,11.0,-1.0,-1.0,40,9,4
1110,UP,0.01,11.0,-1.0,-1.0,40,9,3
1111,UP,0.01,12.0,-1.0,-1.0,40,9,2
1112,LEFT,0.01,13.0,-1.0,-1.0,40,8,2
1113,UP,-0.005,12.0,-1.0,-1.0,40,8,2
1114,RIGHT,0.01,12.0,-1.0,-1.0,40,9,2
1115,UP,-0.005,13.0,-1.0,-1.0,40,9,2
1116,RIGHT,-0.005,13.0,-1.0,-1.0,40,9,2
1117,DOWN,0.01,13.0,-1.0,-1.0,40,9,3
1118,DOWN,0.01,12.0,-1.0,-1.0,40,9,4
1119,RIGHT,-0.005,11.0,-1.0,-1.0,40,9,4
1120,UP,0.01,11.0,-1.0,-1.0,40,9,3
1121,RIGHT,-0.005,12.0,-1.0,-1.0,40,9,3
1122,RIGHT,-0.005,12.0,-1.0,-1.0,40,9,3
1123,LEFT,-0.005,12.0,-1.0,-1.0,40,9,3
1124,LEFT,-0.005,12.0,-1.0,-1.0,40,9,3
1125,DOWN,0.01,12.0,-1.0,-1.0,40,9,4
1126,DOWN,0.01,11.0,-1.0,-1.0,40,9,5
1127,B,-0.005,10.0,-1.0,-1.0,40,9,5
1128,RIGHT,-0.005,10.0,-1.0,-1.0,40,9,5
1129,B,-0.005,10.0,-1.0,-1.0,40,9,5
1130,B,-0.005,10.0,-1.0,-1.0,40,9,5
1131,RIGHT,-0.005,10.0,-1.0,-1.0,40,9,5
1132,RIGHT,-0.005,10.0,-1.0,-1.0,40,9,5
1133,RIGHT,-0.005,10.0,-1.0,-1.0,40,9,5
1134,RIGHT,-0.005,10.0,-1.0,-1.0,40,9,5
1135,RIGHT,-0.005,10.0,-1.0,-1.0,40,9,5
1136,RIGHT,-0.005,10.0,-1.0,-1.0,40,9,5
1137,LEFT,0.01,10.0,-1.0,-1.0,40,8,5
1138,A,-0.005,9.0,-1.0,-1.0,40,8,5
1139,UP,0.01,9.0,-1.0,-1.0,40,8,4
1140,LEFT,0.01,10.0,-1.0,-1.0,40,7,4
1141,UP,-0.005,9.0,-1.0,-1.0,40,7,4
1142,B,-0.005,9.0,-1.0,-1.0,40,7,4
1143,RIGHT,0.01,9.0,-1.0,-1.0,40,8,4
1144,B,-0.005,10.0,-1.0,-1.0,40,8,4
1145,UP,-0.005,10.0,-1.0,-1.0,40,8,4
1146,LEFT,0.01,10.0,-1.0,-1.0,40,7,4
1147,RIGHT,0.01,9.0,-1.0,-1.0,40,8,4
1148,RIGHT,0.01,10.0,-1.0,-1.0,40,9,4
1149,UP,0.01,11.0,-1.0,-1.0,40,9,3
1150,RIGHT,-0.005,12.0,-1.0,-1.0,40,9,3
1151,UP,0.01,12.0,-1.0,-1.0,40,9,2
1152,RIGHT,-0.005,13.0,-1.0,-1.0,40,9,2
1153,B,-0.005,13.0,-1.0,-1.0,40,9,2
1154,UP,-0.005,13.0,-1.0,-1.0,40,9,2
1155,RIGHT,-0.005,13.0,-1.0,-1.0,40,9,2
1156,UP,-0.005,13.0,-1.0,-1.0,40,9,2
1157,UP,-0.005,13.0,-1.0,-1.0,40,9,2
1158,LEFT,0.01,13.0,-1.0,-1.0,40,8,2
1159,RIGHT,0.01,12.0,-1.0,-1.0,40,9,2
1160,UP,-0.005,13.0,-1.0,-1.0,40,9,2
1161,UP,-0.005,13.0,-1.0,-1.0,40,9,2
1162,DOWN,0.01,13.0,-1.0,-1.0,40,9,3
1163,B,-0.005,12.0,-1.0,-1.0,40,9,3
1164,UP,0.01,12.0,-1.0,-1.0,40,9,2
1165,UP,-0.005,13.0,-1.0,-1.0,40,9,2
1166,DOWN,0.01,13.0,-1.0,-1.0,40,9,3
1167,UP,0.01,12.0,-1.0,-1.0,40,9,2
1168,RIGHT,-0.005,13.0,-1.0,-1.0,40,9,2
1169,RIGHT,-0.005,13.0,-1.0,-1.0,40,9,2
1170,UP,-0.005,13.0,-1.0,-1.0,40,9,2
1171,LEFT,0.01,13.0,-1.0,-1.0,40,8,2
1172,RIGHT,0.01,12.0,-1.0,-1.0,40,9,2
1173,RIGHT,-0.005,13.0,-1.0,-1.0,40,9,2
1174,UP,-0.005,13.0,-1.0,-1.0,40,9,2
1175,UP,-0.005,13.0,-1.0,-1.0,40,9,2
1176,B,-0.005,13.0,-1.0,-1.0,40,9,2
1177,DOWN,0.01,13.0,-1.0,-1.0,40,9,3
1178,DOWN,0.01,12.0,-1.0,-1.0,40,9,4
1179,B,-0.005,11.0,-1.0,-1.0,40,9,4
1180,LEFT,0.01,11.0,-1.0,-1.0,40,8,4
1181,B,-0.005,10.0,-1.0,-1.0,40,8,4
1182,DOWN,0.01,10.0,-1.0,-1.0,40,8,5
1183,DOWN,-0.005,9.0,-1.0,-1.0,40,8,5
1184,B,-0.005,9.0,-1.0,-1.0,40,8,5
1185,RIGHT,0.01,9.0,-1.0,-1.0,40,9,5
1186,LEFT,0.01,10.0,-1.0,-1.0,40,8,5
1187,B,-0.005,9.0,-1.0,-1.0,40,8,5
1188,UP,0.01,9.0,-1.0,-1.0,40,8,4
1189,UP,-0.005,10.0,-1.0,-1.0,40,8,4
1190,RIGHT,0.01,10.0,-1.0,-1.0,40,9,4
1191,B,-0.005,11.0,-1.0,-1.0,40,9,4
1192,B,-0.005,11.0,-1.0,-1.0,40,9,4
1193,RIGHT,-0.005,11.0,-1.0,-1.0,40,9,4
1194,B,-0.005,11.0,-1.0,-1.0,40,9,4
1195,B,-0.005,11.0,-1.0,-1.0,40,9,4
1196,LEFT,0.01,11.0,-1.0,-1.0,40,8,4
1197,B,-0.005,10.0,-1.0,-1.0,40,8,4
1198,RIGHT,0.01,10.0,-1.0,-1.0,40,9,4
1199,LEFT,0.01,11.0,-1.0,-1.0,40,8,4
1200,RIGHT,0.01,10.0,-1.0,-1.0,40,9,4
1201,UP,0.01,11.0,-1.0,-1.0,40,9,3
1202,RIGHT,-0.005,12.0,-1.0,-1.0,40,9,3
1203,UP,0.01,12.0,-1.0,-1.0,40,9,2
1204,DOWN,0.01,13.0,-1.0,-1.0,40,9,3
1205,UP,0.01,12.0,-1.0,-1.0,40,9,2
1206,UP,-0.005,13.0,-1.0,-1.0,40,9,2
1207,RIGHT,-0.005,13.0,-1.0,-1.0,40,9,2
1208,UP,-0.005,13.0,-1.0,-1.0,40,9,2
1209,LEFT,0.01,13.0,-1.0,-1.0,40,8,2
1210,LEFT,0.01,12.0,-1.0,-1.0,40,7,2
1211,RIGHT,0.01,11.0,-1.0,-1.0,40,8,2
1212,UP,-0.005,12.0,-1.0,-1.0,40,8,2
1213,B,-0.005,12.0,-1.0,-1.0,40,8,2
1214,DOWN,-0.005,12.0,-1.0,-1.0,40,8,2
1215,RIGHT,0.01,12.0,-1.0,-1.0,40,9,2
1216,DOWN,0.01,13.0,-1.0,-1.0,40,9,3
1217,RIGHT,-0.005,12.0,-1.0,-1.0,40,9,3
1218,UP,0.01,12.0,-1.0,-1.0,40,9,2
1219,LEFT,0.01,13.0,-1.0,-1.0,40,8,2
1220,DOWN,-0.005,12.0,-1.0,-1.0,40,8,2
1221,DOWN,-0.005,12.0,-1.0,-1.0,40,8,2
1222,UP,-0.005,12.0,-1.0,-1.0,40,8,2
1223,DOWN,-0.005,12.0,-1.0,-1.0,40,8,2
1224,DOWN,-0.005,12.0,-1.0,-1.0,40,8,2
1225,UP,-0.005,12.0,-1.0,-1.0,40,8,2
1226,DOWN,-0.005,12.0,-1.0,-1.0,40,8,2
1227,RIGHT,0.01,12.0,-1.0,-1.0,40,9,2
1228,UP,-0.005,13.0,-1.0,-1.0,40,9,2
1229,RIGHT,-0.005,13.0,-1.0,-1.0,40,9,2
1230,UP,-0.005,13.0,-1.0,-1.0,40,9,2
1231,DOWN,0.01,13.0,-1.0,-1.0,40,9,3
1232,UP,0.01,12.0,-1.0,-1.0,40,9,2
1233,DOWN,0.01,13.0,-1.0,-1.0,40,9,3
1234,B,-0.005,12.0,-1.0,-1.0,40,9,3
1235,UP,0.01,12.0,-1.0,-1.0,40,9,2
1236,RIGHT,-0.005,13.0,-1.0,-1.0,40,9,2
1237,DOWN,0.01,13.0,-1.0,-1.0,40,9,3
1238,RIGHT,-0.005,12.0,-1.0,-1.0,40,9,3
1239,DOWN,0.01,12.0,-1.0,-1.0,40,9,4
1240,RIGHT,-0.005,11.0,-1.0,-1.0,40,9,4
1241,UP,0.01,11.0,-1.0,-1.0,40,9,3
1242,DOWN,0.01,12.0,-1.0,-1.0,40,9,4
1243,RIGHT,-0.005,11.0,-1.0,-1.0,40,9,4
1244,RIGHT,-0.005,11.0,-1.0,-1.0,40,9,4
1245,B,-0.005,11.0,-1.0,-1.0,40,9,4
1246,UP,0.01,11.0,-1.0,-1.0,40,9,3
1247,UP,0.01,12.0,-1.0,-1.0,40,9,2
1248,DOWN,0.01,13.0,-1.0,-1.0,40,9,3
1249,RIGHT,-0.005,12.0,-1.0,-1.0,40,9,3
1250,UP,0.01,12.0,-1.0,-1.0,40,9,2
1251,RIGHT,-0.005,13.0,-1.0,-1.0,40,9,2
1252,RIGHT,-0.005,13.0,-1.0,-1.0,40,9,2
1253,DOWN,0.01,13.0,-1.0,-1.0,40,9,3
1254,LEFT,-0.005,12.0,-1.0,-1.0,40,9,3
1255,DOWN,0.01,12.0,-1.0,-1.0,40,9,4
1256,UP,0.01,11.0,-1.0,-1.0,40,9,3
1257,RIGHT,-0.005,12.0,-1.0,-1.0,40,9,3
1258,UP,0.01,12.0,-1.0,-1.0,40,9,2
1259,DOWN,0.01,13.0,-1.0,-1.0,40,9,3
1260,RIGHT,-0.005,12.0,-1.0,-1.0,40,9,3
1261,RIGHT,-0.005,12.0,-1.0,-1.0,40,9,3
1262,RIGHT,-0.005,12.0,-1.0,-1.0,40,9,3
1263,RIGHT,-0.005,12.0,-1.0,-1.0,40,9,3
1264,UP,0.01,12.0,-1.0,-1.0,40,9,2
1265,DOWN,0.01,13.0,-1.0,-1.0,40,9,3
1266,UP,0.01,12.0,-1.0,-1.0,40,9,2
1267,B,-0.005,13.0,-1.0,-1.0,40,9,2
1268,B,-0.005,13.0,-1.0,-1.0,40,9,2
1269,UP,-0.005,13.0,-1.0,-1.0,40,9,2
1270,B,-0.005,13.0,-1.0,-1.0,40,9,2
1271,B,-0.005,13.0,-1.0,-1.0,40,9,2
1272,RIGHT,-0.005,13.0,-1.0,-1.0,40,9,2
1273,DOWN,0.01,13.0,-1.0,-1.0,40,9,3
1274,UP,0.01,12.0,-1.0,-1.0,40,9,2
1275,UP,-0.005,13.0,-1.0,-1.0,40,9,2
1276,RIGHT,-0.005,13.0,-1.0,-1.0,40,9,2
1277,DOWN,0.01,13.0,-1.0,-1.0,40,9,3
1278,UP,0.01,12.0,-1.0,-1.0,40,9,2
1279,LEFT,0.01,13.0,-1.0,-1.0,40,8,2
1280,RIGHT,0.01,12.0,-1.0,-1.0,40,9,2
1281,UP,-0.005,13.0,-1.0,-1.0,40,9,2
1282,LEFT,0.01,13.0,-1.0,-1.0,40,8,2
1283,UP,-0.005,12.0,-1.0,-1.0,40,8,2
1284,RIGHT,0.01,12.0,-1.0,-1.0,40,9,2
1285,DOWN,0.01,13.0,-1.0,-1.0,40,9,3
1286,UP,0.01,12.0,-1.0,-1.0,40,9,2
1287,RIGHT,-0.005,13.0,-1.0,-1.0,40,9,2
1288,DOWN,0.01,13.0,-1.0,-1.0,40,9,3
1289,DOWN,0.01,12.0,-1.0,-1.0,40,9,4
1290,DOWN,0.01,11.0,-1.0,-1.0,40,9,5
1291,RIGHT,-0.005,10.0,-1.0,-1.0,40,9,5
1292,DOWN,-0.005,10.0,-1.0,-1.0,40,9,5
1293,B,-0.005,10.0,-1.0,-1.0,40,9,5
1294,RIGHT,-0.005,10.0,-1.0,-1.0,40,9,5
1295,RIGHT,-0.005,10.0,-1.0,-1.0,40,9,5
1296,RIGHT,-0.005,10.0,-1.0,-1.0,40,9,5
1297,UP,0.01,10.0,-1.0,-1.0,40,9,4
1298,LEFT,0.01,11.0,-1.0,-1.0,40,8,4
1299,RIGHT,0.01,10.0,-1.0,-1.0,40,9,4
1300,UP,0.01,11.0,-1.0,-1.0,40,9,3
1301,RIGHT,-0.005,12.0,-1.0,-1.0,40,9,3
1302,RIGHT,-0.005,12.0,-1.0,-1.0,40,9,3
1303,RIGHT,-0.005,12.0,-1.0,-1.0,40,9,3
1304,DOWN,0.01,12.0,-1.0,-1.0,40,9,4
1305,RIGHT,-0.005,11.0,-1.0,-1.0,40,9,4
1306,RIGHT,-0.005,11.0,-1.0,-1.0,40,9,4
1307,B,-0.005,11.0,-1.0,-1.0,40,9,4
1308,RIGHT,-0.005,11.0,-1.0,-1.0,40,9,4
1309,RIGHT,-0.005,11.0,-1.0,-1.0,40,9,4
1310,UP,0.01,11.0,-1.0,-1.0,40,9,3
1311,DOWN,0.01,12.0,-1.0,-1.0,40,9,4
1312,UP,0.01,11.0,-1.0,-1.0,40,9,3
1313,B,-0.005,12.0,-1.0,-1.0,40,9,3
1314,LEFT,-0.005,12.0,-1.0,-1.0,40,9,3
1315,RIGHT,-0.005,12.0,-1.0,-1.0,40,9,3
1316,RIGHT,-0.005,12.0,-1.0,-1.0,40,9,3
1317,UP,0.01,12.0,-1.0,-1.0,40,9,2
1318,UP,-0.005,13.0,-1.0,-1.0,40,9,2
1319,LEFT,0.01,13.0,-1.0,-1.0,40,8,2
1320,UP,-0.005,12.0,-1.0,-1.0,40,8,2
1321,RIGHT,0.01,12.0,-1.0,-1.0,40,9,2
1322,LEFT,0.01,13.0,-1.0,-1.0,40,8,2
1323,UP,-0.005,12.0,-1.0,-1.0,40,8,2
1324,B,-0.005,12.0,-1.0,-1.0,40,8,2
1325,UP,-0.005,12.0,-1.0,-1.0,40,8,2
1326,RIGHT,0.01,12.0,-1.0,-1.0,40,9,2
1327,DOWN,0.01,13.0,-1.0,-1.0,40,9,3
1328,UP,0.01,12.0,-1.0,-1.0,40,9,2
1329,RIGHT,-0.005,13.0,-1.0,-1.0,40,9,2
1330,UP,-0.005,13.0,-1.0,-1.0,40,9,2
1331,UP,-0.005,13.0,-1.0,-1.0,40,9,2
1332,RIGHT,-0.005,13.0,-1.0,-1.0,40,9,2
1333,UP,-0.005,13.0,-1.0,-1.0,40,9,2
1334,UP,-0.005,13.0,-1.0,-1.0,40,9,2
1335,UP,-0.005,13.0,-1.0,-1.0,40,9,2
1336,UP,-0.005,13.0,-1.0,-1.0,40,9,2
1337,B,-0.005,13.0,-1.0,-1.0,40,9,2
1338,DOWN,0.01,13.0,-1.0,-1.0,40,9,3
1339,LEFT,-0.005,12.0,-1.0,-1.0,40,9,3
1340,UP,0.01,12.0,-1.0,-1.0,40,9,2
1341,RIGHT,-0.005,13.0,-1.0,-1.0,40,9,2
1342,RIGHT,-0.005,13.0,-1.0,-1.0,40,9,2
1343,UP,-0.005,13.0,-1.0,-1.0,40,9,2
1344,DOWN,0.01,13.0,-1.0,-1.0,40,9,3
1345,UP,0.01,12.0,-1.0,-1.0,40,9,2
1346,RIGHT,-0.005,13.0,-1.0,-1.0,40,9,2
1347,UP,-0.005,13.0,-1.0,-1.0,40,9,2
1348,DOWN,0.01,13.0,-1.0,-1.0,40,9,3
1349,RIGHT,-0.005,12.0,-1.0,-1.0,40,9,3
1350,DOWN,0.01,12.0,-1.0,-1.0,40,9,4
1351,RIGHT,-0.005,11.0,-1.0,-1.0,40,9,4
1352,DOWN,0.01,11.0,-1.0,-1.0,40,9,5
1353,RIGHT,-0.005,10.0,-1.0,-1.0,40,9,5
1354,B,-0.005,10.0,-1.0,-1.0,40,9,5
1355,B,-0.005,10.0,-1.0,-1.0,40,9,5
1356,B,-0.005,10.0,-1.0,-1.0,40,9,5
1357,RIGHT,-0.005,10.0,-1.0,-1.0,40,9,5
1358,UP,0.01,10.0,-1.0,-1.0,40,9,4
1359,UP,0.01,11.0,-1.0,-1.0,40,9,3
1360,DOWN,0.01,12.0,-1.0,-1.0,40,9,4
1361,UP,0.01,11.0,-1.0,-1.0,40,9,3
1362,UP,0.01,12.0,-1.0,-1.0,40,9,2
1363,LEFT,0.01,13.0,-1.0,-1.0,40,8,2
1364,RIGHT,0.01,12.0,-1.0,-1.0,40,9,2
1365,RIGHT,-0.005,13.0,-1.0,-1.0,40,9,2
1366,DOWN,0.01,13.0,-1.0,-1.0,40,9,3
1367,RIGHT,-0.005,12.0,-1.0,-1.0,40,9,3
1368,RIGHT,-0.005,12.0,-1.0,-1.0,40,9,3
1369,UP,0.01,12.0,-1.0,-1.0,40,9,2
1370,UP,-0.005,13.0,-1.0,-1.0,40,9,2
1371,LEFT,0.01,13.0,-1.0,-1.0,40,8,2
1372,DOWN,-0.005,12.0,-1.0,-1.0,40,8,2
1373,UP,-0.005,12.0,-1.0,-1.0,40,8,2
1374,DOWN,-0.005,12.0,-1.0,-1.0,40,8,2
1375,RIGHT,0.01,12.0,-1.0,-1.0,40,9,2
1376,UP,-0.005,13.0,-1.0,-1.0,40,9,2
1377,UP,-0.005,13.0,-1.0,-1.0,40,9,2
1378,DOWN,0.01,13.0,-1.0,-1.0,40,9,3
1379,B,-0.005,12.0,-1.0,-1.0,40,9,3
1380,RIGHT,-0.005,12.0,-1.0,-1.0,40,9,3
1381,RIGHT,-0.005,12.0,-1.0,-1.0,40,9,3
1382,LEFT,-0.005,12.0,-1.0,-1.0,40,9,3
1383,UP,0.01,12.0,-1.0,-1.0,40,9,2
1384,RIGHT,-0.005,13.0,-1.0,-1.0,40,9,2
1385,LEFT,0.01,13.0,-1.0,-1.0,40,8,2
1386,DOWN,-0.005,12.0,-1.0,-1.0,40,8,2
1387,LEFT,0.01,12.0,-1.0,-1.0,40,7,2
1388,RIGHT,0.01,11.0,-1.0,-1.0,40,8,2
1389,LEFT,0.01,12.0,-1.0,-1.0,40,7,2
1390,UP,-0.005,11.0,-1.0,-1.0,40,7,2
1391,UP,-0.005,11.0,-1.0,-1.0,40,7,2
1392,RIGHT,0.01,11.0,-1.0,-1.0,40,8,2
1393,RIGHT,0.01,12.0,-1.0,-1.0,40,9,2
1394,UP,-0.005,13.0,-1.0,-1.0,40,9,2
1395,B,-0.005,13.0,-1.0,-1.0,40,9,2
1396,UP,-0.005,13.0,-1.0,-1.0,40,9,2
1397,RIGHT,-0.005,13.0,-1.0,-1.0,40,9,2
1398,DOWN,0.01,13.0,-1.0,-1.0,40,9,3
1399,DOWN,0.01,12.0,-1.0,-1.0,40,9,4
1400,DOWN,0.01,11.0,-1.0,-1.0,40,9,5
1401,DOWN,-0.005,10.0,-1.0,-1.0,40,9,5
1402,RIGHT,-0.005,10.0,-1.0,-1.0,40,9,5
1403,UP,0.01,10.0,-1.0,-1.0,40,9,4
1404,UP,0.01,11.0,-1.0,-1.0,40,9,3
1405,DOWN,0.01,12.0,-1.0,-1.0,40,9,4
1406,UP,0.01,11.0,-1.0,-1.0,40,9,3
1407,UP,0.01,12.0,-1.0,-1.0,40,9,2
1408,RIGHT,-0.005,13.0,-1.0,-1.0,40,9,2
1409,UP,-0.005,13.0,-1.0,-1.0,40,9,2
1410,UP,-0.005,13.0,-1.0,-1.0,40,9,2
1411,DOWN,0.01,13.0,-1.0,-1.0,40,9,3
1412,RIGHT,-0.005,12.0,-1.0,-1.0,40,9,3
1413,DOWN,0.01,12.0,-1.0,-1.0,40,9,4
1414,RIGHT,-0.005,11.0,-1.0,-1.0,40,9,4
1415,LEFT,0.01,11.0,-1.0,-1.0,40,8,4
1416,UP,-0.005,10.0,-1.0,-1.0,40,8,4
1417,RIGHT,0.01,10.0,-1.0,-1.0,40,9,4
1418,RIGHT,-0.005,11.0,-1.0,-1.0,40,9,4
1419,UP,0.01,11.0,-1.0,-1.0,40,9,3
1420,UP,0.01,12.0,-1.0,-1.0,40,9,2
1421,UP,-0.005,13.0,-1.0,-1.0,40,9,2
1422,DOWN,0.01,13.0,-1.0,-1.0,40,9,3
1423,UP,0.01,12.0,-1.0,-1.0,40,9,2
1424,DOWN,0.01,13.0,-1.0,-1.0,40,9,3
1425,UP,0.01,12.0,-1.0,-1.0,40,9,2
1426,RIGHT,-0.005,13.0,-1.0,-1.0,40,9,2
1427,RIGHT,-0.005,13.0,-1.0,-1.0,40,9,2
1428,DOWN,0.01,13.0,-1.0,-1.0,40,9,3
1429,UP,0.01,12.0,-1.0,-1.0,40,9,2
1430,UP,-0.005,13.0,-1.0,-1.0,40,9,2
1431,RIGHT,-0.005,13.0,-1.0,-1.0,40,9,2
1432,UP,-0.005,13.0,-1.0,-1.0,40,9,2
1433,DOWN,0.01,13.0,-1.0,-1.0,40,9,3
1434,RIGHT,-0.005,12.0,-1.0,-1.0,40,9,3
1435,LEFT,-0.005,12.0,-1.0,-1.0,40,9,3
1436,UP,0.01,12.0,-1.0,-1.0,40,9,2
1437,DOWN,0.01,13.0,-1.0,-1.0,40,9,3
1438,UP,0.01,12.0,-1.0,-1.0,40,9,2
1439,UP,-0.005,13.0,-1.0,-1.0,40,9,2
1440,DOWN,0.01,13.0,-1.0,-1.0,40,9,3
1441,RIGHT,-0.005,12.0,-1.0,-1.0,40,9,3
1442,B,-0.005,12.0,-1.0,-1.0,40,9,3
1443,RIGHT,-0.005,12.0,-1.0,-1.0,40,9,3
1444,UP,0.01,12.0,-1.0,-1.0,40,9,2
1445,LEFT,0.01,13.0,-1.0,-1.0,40,8,2
1446,LEFT,0.01,12.0,-1.0,-1.0,40,7,2
1447,UP,-0.005,11.0,-1.0,-1.0,40,7,2
1448,LEFT,0.01,11.0,-1.0,-1.0,40,6,2
1449,UP,-0.005,10.0,-1.0,-1.0,40,6,2
1450,RIGHT,0.01,10.0,-1.0,-1.0,40,7,2
1451,UP,-0.005,11.0,-1.0,-1.0,40,7,2
1452,LEFT,0.01,11.0,-1.0,-1.0,40,6,2
1453,DOWN,-0.005,10.0,-1.0,-1.0,40,6,2
1454,RIGHT,0.01,10.0,-1.0,-1.0,40,7,2
1455,UP,-0.005,11.0,-1.0,-1.0,40,7,2
1456,RIGHT,0.01,11.0,-1.0,-1.0,40,8,2
1457,RIGHT,0.01,12.0,-1.0,-1.0,40,9,2
1458,B,-0.005,13.0,-1.0,-1.0,40,9,2
1459,LEFT,0.01,13.0,-1.0,-1.0,40,8,2
1460,DOWN,-0.005,12.0,-1.0,-1.0,40,8,2
1461,B,-0.005,12.0,-1.0,-1.0,40,8,2
1462,UP,-0.005,12.0,-1.0,-1.0,40,8,2
1463,RIGHT,0.01,12.0,-1.0,-1.0,40,9,2
1464,DOWN,0.01,13.0,-1.0,-1.0,40,9,3
1465,RIGHT,-0.005,12.0,-1.0,-1.0,40,9,3
1466,LEFT,-0.005,12.0,-1.0,-1.0,40,9,3
1467,RIGHT,-0.005,12.0,-1.0,-1.0,40,9,3
1468,RIGHT,-0.005,12.0,-1.0,-1.0,40,9,3
1469,B,-0.005,12.0,-1.0,-1.0,40,9,3
1470,B,-0.005,12.0,-1.0,-1.0,40,9,3
1471,RIGHT,-0.005,12.0,-1.0,-1.0,40,9,3
1472,B,-0.005,12.0,-1.0,-1.0,40,9,3
1473,UP,0.01,12.0,-1.0,-1.0,40,9,2
1474,UP,-0.005,13.0,-1.0,-1.0,40,9,2
1475,UP,-0.005,13.0,-1.0,-1.0,40,9,2
1476,B,-0.005,13.0,-1.0,-1.0,40,9,2
1477,UP,-0.005,13.0,-1.0,-1.0,40,9,2
1478,B,-0.005,13.0,-1.0,-1.0,40,9,2
1479,DOWN,0.01,13.0,-1.0,-1.0,40,9,3
1480,RIGHT,-0.005,12.0,-1.0,-1.0,40,9,3
1481,RIGHT,-0.005,12.0,-1.0,-1.0,40,9,3
1482,RIGHT,-0.005,12.0,-1.0,-1.0,40,9,3
1483,RIGHT,-0.005,12.0,-1.0,-1.0,40,9,3
1484,DOWN,0.01,12.0,-1.0,-1.0,40,9,4
1485,RIGHT,-0.005,11.0,-1.0,-1.0,40,9,4
1486,RIGHT,-0.005,11.0,-1.0,-1.0,40,9,4
1487,DOWN,0.01,11.0,-1.0,-1.0,40,9,5
1488,RIGHT,-0.005,10.0,-1.0,-1.0,40,9,5
1489,UP,0.01,10.0,-1.0,-1.0,40,9,4
1490,B,-0.005,11.0,-1.0,-1.0,40,9,4
1491,UP,0.01,11.0,-1.0,-1.0,40,9,3
1492,RIGHT,-0.005,12.0,-1.0,-1.0,40,9,3
1493,B,-0.005,12.0,-1.0,-1.0,40,9,3
1494,B,-0.005,12.0,-1.0,-1.0,40,9,3
1495,DOWN,0.01,12.0,-1.0,-1.0,40,9,4
1496,DOWN,0.01,11.0,-1.0,-1.0,40,9,5
1497,UP,0.01,10.0,-1.0,-1.0,40,9,4
1498,DOWN,0.01,11.0,-1.0,-1.0,40,9,5
1499,DOWN,-0.005,10.0,-1.0,-1.0,40,9,5
1500,RIGHT,-0.005,10.0,-1.0,-1.0,40,9,5
1501,RIGHT,-0.005,10.0,-1.0,-1.0,40,9,5
1502,UP,0.01,10.0,-1.0,-1.0,40,9,4
1503,B,-0.005,11.0,-1.0,-1.0,40,9,4
1504,UP,0.01,11.0,-1.0,-1.0,40,9,3
1505,RIGHT,-0.005,12.0,-1.0,-1.0,40,9,3
1506,RIGHT,-0.005,12.0,-1.0,-1.0,40,9,3
1507,UP,0.01,12.0,-1.0,-1.0,40,9,2
1508,DOWN,0.01,13.0,-1.0,-1.0,40,9,3
1509,UP,0.01,12.0,-1.0,-1.0,40,9,2
1510,UP,-0.005,13.0,-1.0,-1.0,40,9,2
1511,UP,-0.005,13.0,-1.0,-1.0,40,9,2
1512,DOWN,0.01,13.0,-1.0,-1.0,40,9,3
1513,B,-0.005,12.0,-1.0,-1.0,40,9,3
1514,UP,0.01,12.0,-1.0,-1.0,40,9,2
1515,UP,-0.005,13.0,-1.0,-1.0,40,9,2
1516,LEFT,0.01,13.0,-1.0,-1.0,40,8,2
1517,LEFT,0.01,12.0,-1.0,-1.0,40,7,2
1518,RIGHT,0.01,11.0,-1.0,-1.0,40,8,2
1519,UP,-0.005,12.0,-1.0,-1.0,40,8,2
1520,UP,-0.005,12.0,-1.0,-1.0,40,8,2
1521,RIGHT,0.01,12.0,-1.0,-1.0,40,9,2
1522,B,-0.005,13.0,-1.0,-1.0,40,9,2
1523,DOWN,0.01,13.0,-1.0,-1.0,40,9,3
1524,RIGHT,-0.005,12.0,-1.0,-1.0,40,9,3
1525,RIGHT,-0.005,12.0,-1.0,-1.0,40,9,3
1526,RIGHT,-0.005,12.0,-1.0,-1.0,40,9,3
1527,UP,0.01,12.0,-1.0,-1.0,40,9,2
1528,DOWN,0.01,13.0,-1.0,-1.0,40,9,3
1529,B,-0.005,12.0,-1.0,-1.0,40,9,3
1530,DOWN,0.01,12.0,-1.0,-1.0,40,9,4
1531,RIGHT,-0.005,11.0,-1.0,-1.0,40,9,4
1532,UP,0.01,11.0,-1.0,-1.0,40,9,3
1533,UP,0.01,12.0,-1.0,-1.0,40,9,2
1534,LEFT,0.01,13.0,-1.0,-1.0,40,8,2
1535,RIGHT,0.01,12.0,-1.0,-1.0,40,9,2
1536,UP,-0.005,13.0,-1.0,-1.0,40,9,2
1537,UP,-0.005,13.0,-1.0,-1.0,40,9,2
1538,B,-0.005,13.0,-1.0,-1.0,40,9,2
1539,DOWN,0.01,13.0,-1.0,-1.0,40,9,3
1540,UP,0.01,12.0,-1.0,-1.0,40,9,2
1541,DOWN,0.01,13.0,-1.0,-1.0,40,9,3
1542,DOWN,0.01,12.0,-1.0,-1.0,40,9,4
1543,DOWN,0.01,11.0,-1.0,-1.0,40,9,5
1544,B,-0.005,10.0,-1.0,-1.0,40,9,5
1545,RIGHT,-0.005,10.0,-1.0,-1.0,40,9,5
1546,B,-0.005,10.0,-1.0,-1.0,40,9,5
1547,LEFT,0.01,10.0,-1.0,-1.0,40,8,5
1548,UP,0.01,9.0,-1.0,-1.0,40,8,4
1549,RIGHT,0.01,10.0,-1.0,-1.0,40,9,4
1550,UP,0.01,11.0,-1.0,-1.0,40,9,3
1551,RIGHT,-0.005,12.0,-1.0,-1.0,40,9,3
1552,B,-0.005,12.0,-1.0,-1.0,40,9,3
1553,B,-0.005,12.0,-1.0,-1.0,40,9,3
1554,RIGHT,-0.005,12.0,-1.0,-1.0,40,9,3
1555,LEFT,-0.005,12.0,-1.0,-1.0,40,9,3
1556,RIGHT,-0.005,12.0,-1.0,-1.0,40,9,3
1557,UP,0.01,12.0,-1.0,-1.0,40,9,2
1558,DOWN,0.01,13.0,-1.0,-1.0,40,9,3
1559,UP,0.01,12.0,-1.0,-1.0,40,9,2
1560,DOWN,0.01,13.0,-1.0,-1.0,40,9,3
1561,DOWN,0.01,12.0,-1.0,-1.0,40,9,4
1562,RIGHT,-0.005,11.0,-1.0,-1.0,40,9,4
1563,RIGHT,-0.005,11.0,-1.0,-1.0,40,9,4
1564,UP,0.01,11.0,-1.0,-1.0,40,9,3
1565,DOWN,0.01,12.0,-1.0,-1.0,40,9,4
1566,RIGHT,-0.005,11.0,-1.0,-1.0,40,9,4
1567,UP,0.01,11.0,-1.0,-1.0,40,9,3
1568,UP,0.01,12.0,-1.0,-1.0,40,9,2
1569,RIGHT,-0.005,13.0,-1.0,-1.0,40,9,2
1570,DOWN,0.01,13.0,-1.0,-1.0,40,9,3
1571,UP,0.01,12.0,-1.0,-1.0,40,9,2
1572,RIGHT,-0.005,13.0,-1.0,-1.0,40,9,2
1573,B,-0.005,13.0,-1.0,-1.0,40,9,2
1574,B,-0.005,13.0,-1.0,-1.0,40,9,2
1575,RIGHT,-0.005,13.0,-1.0,-1.0,40,9,2
1576,DOWN,0.01,13.0,-1.0,-1.0,40,9,3
1577,RIGHT,-0.005,12.0,-1.0,-1.0,40,9,3
1578,UP,0.01,12.0,-1.0,-1.0,40,9,2
1579,RIGHT,-0.005,13.0,-1.0,-1.0,40,9,2
1580,UP,-0.005,13.0,-1.0,-1.0,40,9,2
1581,DOWN,0.01,13.0,-1.0,-1.0,40,9,3
1582,UP,0.01,12.0,-1.0,-1.0,40,9,2
1583,DOWN,0.01,13.0,-1.0,-1.0,40,9,3
1584,UP,0.01,12.0,-1.0,-1.0,40,9,2
1585,UP,-0.005,13.0,-1.0,-1.0,40,9,2
1586,UP,-0.005,13.0,-1.0,-1.0,40,9,2
1587,UP,-0.005,13.0,-1.0,-1.0,40,9,2
1588,UP,-0.005,13.0,-1.0,-1.0,40,9,2
1589,RIGHT,-0.005,13.0,-1.0,-1.0,40,9,2
1590,RIGHT,-0.005,13.0,-1.0,-1.0,40,9,2
1591,DOWN,0.01,13.0,-1.0,-1.0,40,9,3
1592,RIGHT,-0.005,12.0,-1.0,-1.0,40,9,3
1593,DOWN,0.01,12.0,-1.0,-1.0,40,9,4
1594,RIGHT,-0.005,11.0,-1.0,-1.0,40,9,4
1595,DOWN,0.01,11.0,-1.0,-1.0,40,9,5
1596,RIGHT,-0.005,10.0,-1.0,-1.0,40,9,5
1597,LEFT,0.01,10.0,-1.0,-1.0,40,8,5
1598,RIGHT,0.01,9.0,-1.0,-1.0,40,9,5
1599,B,-0.005,10.0,-1.0,-1.0,40,9,5
1600,RIGHT,-0.005,10.0,-1.0,-1.0,40,9,5
1601,DOWN,-0.005,10.0,-1.0,-1.0,40,9,5
1602,RIGHT,-0.005,10.0,-1.0,-1.0,40,9,5
1603,UP,0.01,10.0,-1.0,-1.0,40,9,4
1604,RIGHT,-0.005,11.0,-1.0,-1.0,40,9,4
1605,RIGHT,-0.005,11.0,-1.0,-1.0,40,9,4
1606,DOWN,0.01,11.0,-1.0,-1.0,40,9,5
1607,RIGHT,-0.005,10.0,-1.0,-1.0,40,9,5
1608,UP,0.01,10.0,-1.0,-1.0,40,9,4
1609,UP,0.01,11.0,-1.0,-1.0,40,9,3
1610,UP,0.01,12.0,-1.0,-1.0,40,9,2
1611,LEFT,0.01,13.0,-1.0,-1.0,40,8,2
1612,UP,-0.005,12.0,-1.0,-1.0,40,8,2
1613,UP,-0.005,12.0,-1.0,-1.0,40,8,2
1614,RIGHT,0.01,12.0,-1.0,-1.0,40,9,2
1615,UP,-0.005,13.0,-1.0,-1.0,40,9,2
1616,UP,-0.005,13.0,-1.0,-1.0,40,9,2
1617,RIGHT,-0.005,13.0,-1.0,-1.0,40,9,2
1618,DOWN,0.01,13.0,-1.0,-1.0,40,9,3
1619,RIGHT,-0.005,12.0,-1.0,-1.0,40,9,3
1620,B,-0.005,12.0,-1.0,-1.0,40,9,3
1621,RIGHT,-0.005,12.0,-1.0,-1.0,40,9,3
1622,UP,0.01,12.0,-1.0,-1.0,40,9,2
1623,DOWN,0.01,13.0,-1.0,-1.0,40,9,3
1624,UP,0.01,12.0,-1.0,-1.0,40,9,2
1625,RIGHT,-0.005,13.0,-1.0,-1.0,40,9,2
1626,DOWN,0.01,13.0,-1.0,-1.0,40,9,3
1627,LEFT,-0.005,12.0,-1.0,-1.0,40,9,3
1628,UP,0.01,12.0,-1.0,-1.0,40,9,2
1629,RIGHT,-0.005,13.0,-1.0,-1.0,40,9,2
1630,DOWN,0.01,13.0,-1.0,-1.0,40,9,3
1631,DOWN,0.01,12.0,-1.0,-1.0,40,9,4
1632,DOWN,0.01,11.0,-1.0,-1.0,40,9,5
1633,LEFT,0.01,10.0,-1.0,-1.0,40,8,5
1634,UP,0.01,9.0,-1.0,-1.0,40,8,4
1635,DOWN,0.01,10.0,-1.0,-1.0,40,8,5
1636,UP,0.01,9.0,-1.0,-1.0,40,8,4
1637,B,-0.005,10.0,-1.0,-1.0,40,8,4
1638,DOWN,0.01,10.0,-1.0,-1.0,40,8,5
1639,UP,0.01,9.0,-1.0,-1.0,40,8,4
1640,RIGHT,0.01,10.0,-1.0,-1.0,40,9,4
1641,RIGHT,-0.005,11.0,-1.0,-1.0,40,9,4
1642,RIGHT,-0.005,11.0,-1.0,-1.0,40,9,4
1643,UP,0.01,11.0,-1.0,-1.0,40,9,3
1644,LEFT,-0.005,12.0,-1.0,-1.0,40,9,3
1645,DOWN,0.01,12.0,-1.0,-1.0,40,9,4
1646,UP,0.01,11.0,-1.0,-1.0,40,9,3
1647,RIGHT,-0.005,12.0,-1.0,-1.0,40,9,3
1648,DOWN,0.01,12.0,-1.0,-1.0,40,9,4
1649,RIGHT,-0.005,11.0,-1.0,-1.0,40,9,4
1650,B,-0.005,11.0,-1.0,-1.0,40,9,4
1651,UP,0.01,11.0,-1.0,-1.0,40,9,3
1652,LEFT,-0.005,12.0,-1.0,-1.0,40,9,3
1653,UP,0.01,12.0,-1.0,-1.0,40,9,2
1654,UP,-0.005,13.0,-1.0,-1.0,40,9,2
1655,DOWN,0.01,13.0,-1.0,-1.0,40,9,3
1656,B,-0.005,12.0,-1.0,-1.0,40,9,3
1657,RIGHT,-0.005,12.0,-1.0,-1.0,40,9,3
1658,LEFT,-0.005,12.0,-1.0,-1.0,40,9,3
1659,LEFT,-0.005,12.0,-1.0,-1.0,40,9,3
1660,DOWN,0.01,12.0,-1.0,-1.0,40,9,4
1661,RIGHT,-0.005,11.0,-1.0,-1.0,40,9,4
1662,RIGHT,-0.005,11.0,-1.0,-1.0,40,9,4
1663,B,-0.005,11.0,-1.0,-1.0,40,9,4
1664,RIGHT,-0.005,11.0,-1.0,-1.0,40,9,4
1665,B,-0.005,11.0,-1.0,-1.0,40,9,4
1666,DOWN,0.01,11.0,-1.0,-1.0,40,9,5
1667,RIGHT,-0.005,10.0,-1.0,-1.0,40,9,5
1668,A,-0.005,10.0,-1.0,-1.0,40,9,5
1669,UP,0.01,10.0,-1.0,-1.0,40,9,4
1670,LEFT,0.01,11.0,-1.0,-1.0,40,8,4
1671,B,-0.005,10.0,-1.0,-1.0,40,8,4
1672,RIGHT,0.01,10.0,-1.0,-1.0,40,9,4
1673,B,-0.005,11.0,-1.0,-1.0,40,9,4
1674,UP,0.01,11.0,-1.0,-1.0,40,9,3
1675,RIGHT,-0.005,12.0,-1.0,-1.0,40,9,3
1676,RIGHT,-0.005,12.0,-1.0,-1.0,40,9,3
1677,RIGHT,-0.005,12.0,-1.0,-1.0,40,9,3
1678,UP,0.01,12.0,-1.0,-1.0,40,9,2
1679,DOWN,0.01,13.0,-1.0,-1.0,40,9,3
1680,LEFT,-0.005,12.0,-1.0,-1.0,40,9,3
1681,RIGHT,-0.005,12.0,-1.0,-1.0,40,9,3
1682,RIGHT,-0.005,12.0,-1.0,-1.0,40,9,3
1683,LEFT,-0.005,12.0,-1.0,-1.0,40,9,3
1684,B,-0.005,12.0,-1.0,-1.0,40,9,3
1685,RIGHT,-0.005,12.0,-1.0,-1.0,40,9,3
1686,UP,0.01,12.0,-1.0,-1.0,40,9,2
1687,RIGHT,-0.005,13.0,-1.0,-1.0,40,9,2
1688,DOWN,0.01,13.0,-1.0,-1.0,40,9,3
1689,UP,0.01,12.0,-1.0,-1.0,40,9,2
1690,UP,-0.005,13.0,-1.0,-1.0,40,9,2
1691,B,-0.005,13.0,-1.0,-1.0,40,9,2
1692,RIGHT,-0.005,13.0,-1.0,-1.0,40,9,2
1693,RIGHT,-0.005,13.0,-1.0,-1.0,40,9,2
1694,B,-0.005,13.0,-1.0,-1.0,40,9,2
1695,DOWN,0.01,13.0,-1.0,-1.0,40,9,3
1696,RIGHT,-0.005,12.0,-1.0,-1.0,40,9,3
1697,RIGHT,-0.005,12.0,-1.0,-1.0,40,9,3
1698,DOWN,0.01,12.0,-1.0,-1.0,40,9,4
1699,RIGHT,-0.005,11.0,-1.0,-1.0,40,9,4
1700,UP,0.01,11.0,-1.0,-1.0,40,9,3
1701,UP,0.01,12.0,-1.0,-1.0,40,9,2
1702,DOWN,0.01,13.0,-1.0,-1.0,40,9,3
1703,B,-0.005,12.0,-1.0,-1.0,40,9,3
1704,RIGHT,-0.005,12.0,-1.0,-1.0,40,9,3
1705,UP,0.01,12.0,-1.0,-1.0,40,9,2
1706,UP,-0.005,13.0,-1.0,-1.0,40,9,2
1707,DOWN,0.01,13.0,-1.0,-1.0,40,9,3
1708,UP,0.01,12.0,-1.0,-1.0,40,9,2
1709,DOWN,0.01,13.0,-1.0,-1.0,40,9,3
1710,LEFT,-0.005,12.0,-1.0,-1.0,40,9,3
1711,RIGHT,-0.005,12.0,-1.0,-1.0,40,9,3
1712,DOWN,0.01,12.0,-1.0,-1.0,40,9,4
1713,LEFT,0.01,11.0,-1.0,-1.0,40,8,4
1714,DOWN,0.01,10.0,-1.0,-1.0,40,8,5
1715,RIGHT,0.01,9.0,-1.0,-1.0,40,9,5
1716,DOWN,-0.005,10.0,-1.0,-1.0,40,9,5
1717,RIGHT,-0.005,10.0,-1.0,-1.0,40,9,5
1718,RIGHT,-0.005,10.0,-1.0,-1.0,40,9,5
1719,DOWN,-0.005,10.0,-1.0,-1.0,40,9,5
1720,UP,0.01,10.0,-1.0,-1.0,40,9,4
1721,DOWN,0.01,11.0,-1.0,-1.0,40,9,5
1722,RIGHT,-0.005,10.0,-1.0,-1.0,40,9,5
1723,RIGHT,-0.005,10.0,-1.0,-1.0,40,9,5
1724,B,-0.005,10.0,-1.0,-1.0,40,9,5
1725,RIGHT,-0.005,10.0,-1.0,-1.0,40,9,5
1726,DOWN,-0.005,10.0,-1.0,-1.0,40,9,5
1727,B,-0.005,10.0,-1.0,-1.0,40,9,5
1728,RIGHT,-0.005,10.0,-1.0,-1.0,40,9,5
1729,RIGHT,-0.005,10.0,-1.0,-1.0,40,9,5
1730,LEFT,0.01,10.0,-1.0,-1.0,40,8,5
1731,B,-0.005,9.0,-1.0,-1.0,40,8,5
1732,DOWN,-0.005,9.0,-1.0,-1.0,40,8,5
1733,DOWN,-0.005,9.0,-1.0,-1.0,40,8,5
1734,RIGHT,0.01,9.0,-1.0,-1.0,40,9,5
1735,LEFT,0.01,10.0,-1.0,-1.0,40,8,5
1736,UP,0.01,9.0,-1.0,-1.0,40,8,4
1737,RIGHT,0.01,10.0,-1.0,-1.0,40,9,4
1738,B,-0.005,11.0,-1.0,-1.0,40,9,4
1739,UP,0.01,11.0,-1.0,-1.0,40,9,3
1740,DOWN,0.01,12.0,-1.0,-1.0,40,9,4
1741,UP,0.01,11.0,-1.0,-1.0,40,9,3
1742,LEFT,-0.005,12.0,-1.0,-1.0,40,9,3
1743,RIGHT,-0.005,12.0,-1.0,-1.0,40,9,3
1744,LEFT,-0.005,12.0,-1.0,-1.0,40,9,3
1745,UP,0.01,12.0,-1.0,-1.0,40,9,2
1746,RIGHT,-0.005,13.0,-1.0,-1.0,40,9,2
1747,RIGHT,-0.005,13.0,-1.0,-1.0,40,9,2
1748,RIGHT,-0.005,13.0,-1.0,-1.0,40,9,2
1749,LEFT,0.01,13.0,-1.0,-1.0,40,8,2
1750,B,-0.005,12.0,-1.0,-1.0,40,8,2
1751,RIGHT,0.01,12.0,-1.0,-1.0,40,9,2
1752,RIGHT,-0.005,13.0,-1.0,-1.0,40,9,2
1753,RIGHT,-0.005,13.0,-1.0,-1.0,40,9,2
1754,DOWN,0.01,13.0,-1.0,-1.0,40,9,3
1755,UP,0.01,12.0,-1.0,-1.0,40,9,2
1756,DOWN,0.01,13.0,-1.0,-1.0,40,9,3
1757,DOWN,0.01,12.0,-1.0,-1.0,40,9,4
1758,DOWN,0.01,11.0,-1.0,-1.0,40,9,5
1759,RIGHT,-0.005,10.0,-1.0,-1.0,40,9,5
1760,B,-0.005,10.0,-1.0,-1.0,40,9,5
1761,UP,0.01,10.0,-1.0,-1.0,40,9,4
1762,DOWN,0.01,11.0,-1.0,-1.0,40,9,5
1763,RIGHT,-0.005,10.0,-1.0,-1.0,40,9,5
1764,RIGHT,-0.005,10.0,-1.0,-1.0,40,9,5
1765,DOWN,-0.005,10.0,-1.0,-1.0,40,9,5
1766,UP,0.01,10.0,-1.0,-1.0,40,9,4
1767,RIGHT,-0.005,11.0,-1.0,-1.0,40,9,4
1768,RIGHT,-0.005,11.0,-1.0,-1.0,40,9,4
1769,RIGHT,-0.005,11.0,-1.0,-1.0,40,9,4
1770,RIGHT,-0.005,11.0,-1.0,-1.0,40,9,4
1771,RIGHT,-0.005,11.0,-1.0,-1.0,40,9,4
1772,RIGHT,-0.005,11.0,-1.0,-1.0,40,9,4
1773,RIGHT,-0.005,11.0,-1.0,-1.0,40,9,4
1774,DOWN,0.01,11.0,-1.0,-1.0,40,9,5
1775,B,-0.005,10.0,-1.0,-1.0,40,9,5
1776,RIGHT,-0.005,10.0,-1.0,-1.0,40,9,5
1777,UP,0.01,10.0,-1.0,-1.0,40,9,4
1778,RIGHT,-0.005,11.0,-1.0,-1.0,40,9,4
1779,LEFT,0.01,11.0,-1.0,-1.0,40,8,4
1780,DOWN,0.01,10.0,-1.0,-1.0,40,8,5
1781,RIGHT,0.01,9.0,-1.0,-1.0,40,9,5
1782,B,-0.005,10.0,-1.0,-1.0,40,9,5
1783,RIGHT,-0.005,10.0,-1.0,-1.0,40,9,5
1784,RIGHT,-0.005,10.0,-1.0,-1.0,40,9,5
1785,B,-0.005,10.0,-1.0,-1.0,40,9,5
1786,DOWN,-0.005,10.0,-1.0,-1.0,40,9,5
1787,DOWN,-0.005,10.0,-1.0,-1.0,40,9,5
1788,UP,0.01,10.0,-1.0,-1.0,40,9,4
1789,UP,0.01,11.0,-1.0,-1.0,40,9,3
1790,DOWN,0.01,12.0,-1.0,-1.0,40,9,4
1791,RIGHT,-0.005,11.0,-1.0,-1.0,40,9,4
1792,UP,0.01,11.0,-1.0,-1.0,40,9,3
1793,B,-0.005,12.0,-1.0,-1.0,40,9,3
1794,DOWN,0.01,12.0,-1.0,-1.0,40,9,4
1795,B,-0.005,11.0,-1.0,-1.0,40,9,4
1796,UP,0.01,11.0,-1.0,-1.0,40,9,3
1797,DOWN,0.01,12.0,-1.0,-1.0,40,9,4
1798,UP,0.01,11.0,-1.0,-1.0,40,9,3
1799,UP,0.01,12.0,-1.0,-1.0,40,9,2
1800,RIGHT,-0.005,13.0,-1.0,-1.0,40,9,2
1801,UP,-0.005,13.0,-1.0,-1.0,40,9,2
1802,RIGHT,-0.005,13.0,-1.0,-1.0,40,9,2
1803,RIGHT,-0.005,13.0,-1.0,-1.0,40,9,2
1804,UP,-0.005,13.0,-1.0,-1.0,40,9,2
1805,DOWN,0.01,13.0,-1.0,-1.0,40,9,3
1806,DOWN,0.01,12.0,-1.0,-1.0,40,9,4
1807,RIGHT,-0.005,11.0,-1.0,-1.0,40,9,4
1808,UP,0.01,11.0,-1.0,-1.0,40,9,3
1809,RIGHT,-0.005,12.0,-1.0,-1.0,40,9,3
1810,UP,0.01,12.0,-1.0,-1.0,40,9,2
1811,DOWN,0.01,13.0,-1.0,-1.0,40,9,3
1812,RIGHT,-0.005,12.0,-1.0,-1.0,40,9,3
1813,RIGHT,-0.005,12.0,-1.0,-1.0,40,9,3
1814,DOWN,0.01,12.0,-1.0,-1.0,40,9,4
1815,RIGHT,-0.005,11.0,-1.0,-1.0,40,9,4
1816,RIGHT,-0.005,11.0,-1.0,-1.0,40,9,4
1817,DOWN,0.01,11.0,-1.0,-1.0,40,9,5
1818,UP,0.01,10.0,-1.0,-1.0,40,9,4
1819,RIGHT,-0.005,11.0,-1.0,-1.0,40,9,4
1820,UP,0.01,11.0,-1.0,-1.0,40,9,3
1821,UP,0.01,12.0,-1.0,-1.0,40,9,2
1822,UP,-0.005,13.0,-1.0,-1.0,40,9,2
1823,DOWN,0.01,13.0,-1.0,-1.0,40,9,3
1824,UP,0.01,12.0,-1.0,-1.0,40,9,2
1825,B,-0.005,13.0,-1.0,-1.0,40,9,2
1826,UP,-0.005,13.0,-1.0,-1.0,40,9,2
1827,DOWN,0.01,13.0,-1.0,-1.0,40,9,3
1828,DOWN,0.01,12.0,-1.0,-1.0,40,9,4
1829,RIGHT,-0.005,11.0,-1.0,-1.0,40,9,4
1830,DOWN,0.01,11.0,-1.0,-1.0,40,9,5
1831,LEFT,0.01,10.0,-1.0,-1.0,40,8,5
1832,RIGHT,0.01,9.0,-1.0,-1.0,40,9,5
1833,UP,0.01,10.0,-1.0,-1.0,40,9,4
1834,UP,0.01,11.0,-1.0,-1.0,40,9,3
1835,DOWN,0.01,12.0,-1.0,-1.0,40,9,4
1836,RIGHT,-0.005,11.0,-1.0,-1.0,40,9,4
1837,UP,0.01,11.0,-1.0,-1.0,40,9,3
1838,DOWN,0.01,12.0,-1.0,-1.0,40,9,4
1839,LEFT,0.01,11.0,-1.0,-1.0,40,8,4
1840,UP,-0.005,10.0,-1.0,-1.0,40,8,4
1841,LEFT,0.01,10.0,-1.0,-1.0,40,7,4
1842,UP,-0.005,9.0,-1.0,-1.0,40,7,4
1843,RIGHT,0.01,9.0,-1.0,-1.0,40,8,4
1844,RIGHT,0.01,10.0,-1.0,-1.0,40,9,4
1845,DOWN,0.01,11.0,-1.0,-1.0,40,9,5
1846,DOWN,-0.005,10.0,-1.0,-1.0,40,9,5
1847,LEFT,0.01,10.0,-1.0,-1.0,40,8,5
1848,RIGHT,0.01,9.0,-1.0,-1.0,40,9,5
1849,DOWN,-0.005,10.0,-1.0,-1.0,40,9,5
1850,UP,0.01,10.0,-1.0,-1.0,40,9,4
1851,DOWN,0.01,11.0,-1.0,-1.0,40,9,5
1852,UP,0.01,10.0,-1.0,-1.0,40,9,4
1853,RIGHT,-0.005,11.0,-1.0,-1.0,40,9,4
1854,RIGHT,-0.005,11.0,-1.0,-1.0,40,9,4
1855,UP,0.01,11.0,-1.0,-1.0,40,9,3
1856,RIGHT,-0.005,12.0,-1.0,-1.0,40,9,3
1857,UP,0.01,12.0,-1.0,-1.0,40,9,2
1858,RIGHT,-0.005,13.0,-1.0,-1.0,40,9,2
1859,RIGHT,-0.005,13.0,-1.0,-1.0,40,9,2
1860,UP,-0.005,13.0,-1.0,-1.0,40,9,2
1861,UP,-0.005,13.0,-1.0,-1.0,40,9,2
1862,B,-0.005,13.0,-1.0,-1.0,40,9,2
1863,UP,-0.005,13.0,-1.0,-1.0,40,9,2
1864,DOWN,0.01,13.0,-1.0,-1.0,40,9,3
1865,RIGHT,-0.005,12.0,-1.0,-1.0,40,9,3
1866,UP,0.01,12.0,-1.0,-1.0,40,9,2
1867,B,-0.005,13.0,-1.0,-1.0,40,9,2
1868,DOWN,0.01,13.0,-1.0,-1.0,40,9,3
1869,RIGHT,-0.005,12.0,-1.0,-1.0,40,9,3
1870,LEFT,-0.005,12.0,-1.0,-1.0,40,9,3
1871,RIGHT,-0.005,12.0,-1.0,-1.0,40,9,3
1872,LEFT,-0.005,12.0,-1.0,-1.0,40,9,3
1873,RIGHT,-0.005,12.0,-1.0,-1.0,40,9,3
1874,DOWN,0.01,12.0,-1.0,-1.0,40,9,4
1875,RIGHT,-0.005,11.0,-1.0,-1.0,40,9,4
1876,LEFT,0.01,11.0,-1.0,-1.0,40,8,4
1877,UP,-0.005,10.0,-1.0,-1.0,40,8,4
1878,DOWN,0.01,10.0,-1.0,-1.0,40,8,5
1879,RIGHT,0.01,9.0,-1.0,-1.0,40,9,5
1880,UP,0.01,10.0,-1.0,-1.0,40,9,4
1881,RIGHT,-0.005,11.0,-1.0,-1.0,40,9,4
1882,UP,0.01,11.0,-1.0,-1.0,40,9,3
1883,UP,0.01,12.0,-1.0,-1.0,40,9,2
1884,UP,-0.005,13.0,-1.0,-1.0,40,9,2
1885,UP,-0.005,13.0,-1.0,-1.0,40,9,2
1886,RIGHT,-0.005,13.0,-1.0,-1.0,40,9,2
1887,B,-0.005,13.0,-1.0,-1.0,40,9,2
1888,UP,-0.005,13.0,-1.0,-1.0,40,9,2
1889,UP,-0.005,13.0,-1.0,-1.0,40,9,2
1890,DOWN,0.01,13.0,-1.0,-1.0,40,9,3
1891,UP,0.01,12.0,-1.0,-1.0,40,9,2
1892,DOWN,0.01,13.0,-1.0,-1.0,40,9,3
1893,DOWN,0.01,12.0,-1.0,-1.0,40,9,4
1894,UP,0.01,11.0,-1.0,-1.0,40,9,3
1895,RIGHT,-0.005,12.0,-1.0,-1.0,40,9,3
1896,UP,0.01,12.0,-1.0,-1.0,40,9,2
1897,RIGHT,-0.005,13.0,-1.0,-1.0,40,9,2
1898,DOWN,0.01,13.0,-1.0,-1.0,40,9,3
1899,UP,0.01,12.0,-1.0,-1.0,40,9,2
1900,DOWN,0.01,13.0,-1.0,-1.0,40,9,3
1901,RIGHT,-0.005,12.0,-1.0,-1.0,40,9,3
1902,DOWN,0.01,12.0,-1.0,-1.0,40,9,4
1903,RIGHT,-0.005,11.0,-1.0,-1.0,40,9,4
1904,DOWN,0.01,11.0,-1.0,-1.0,40,9,5
1905,DOWN,-0.005,10.0,-1.0,-1.0,40,9,5
1906,DOWN,-0.005,10.0,-1.0,-1.0,40,9,5
1907,RIGHT,-0.005,10.0,-1.0,-1.0,40,9,5
1908,RIGHT,-0.005,10.0,-1.0,-1.0,40,9,5
1909,UP,0.01,10.0,-1.0,-1.0,40,9,4
1910,RIGHT,-0.005,11.0,-1.0,-1.0,40,9,4
1911,RIGHT,-0.005,11.0,-1.0,-1.0,40,9,4
1912,B,-0.005,11.0,-1.0,-1.0,40,9,4
1913,B,-0.005,11.0,-1.0,-1.0,40,9,4
1914,UP,0.01,11.0,-1.0,-1.0,40,9,3
1915,UP,0.01,12.0,-1.0,-1.0,40,9,2
1916,DOWN,0.01,13.0,-1.0,-1.0,40,9,3
1917,RIGHT,-0.005,12.0,-1.0,-1.0,40,9,3
1918,UP,0.01,12.0,-1.0,-1.0,40,9,2
1919,RIGHT,-0.005,13.0,-1.0,-1.0,40,9,2
1920,RIGHT,-0.005,13.0,-1.0,-1.0,40,9,2
1921,RIGHT,-0.005,13.0,-1.0,-1.0,40,9,2
1922,UP,-0.005,13.0,-1.0,-1.0,40,9,2
1923,B,-0.005,13.0,-1.0,-1.0,40,9,2
1924,DOWN,0.01,13.0,-1.0,-1.0,40,9,3
1925,DOWN,0.01,12.0,-1.0,-1.0,40,9,4
1926,RIGHT,-0.005,11.0,-1.0,-1.0,40,9,4
1927,DOWN,0.01,11.0,-1.0,-1.0,40,9,5
1928,UP,0.01,10.0,-1.0,-1.0,40,9,4
1929,UP,0.01,11.0,-1.0,-1.0,40,9,3
1930,UP,0.01,12.0,-1.0,-1.0,40,9,2
1931,RIGHT,-0.005,13.0,-1.0,-1.0,40,9,2
1932,DOWN,0.01,13.0,-1.0,-1.0,40,9,3
1933,UP,0.01,12.0,-1.0,-1.0,40,9,2
1934,B,-0.005,13.0,-1.0,-1.0,40,9,2
1935,DOWN,0.01,13.0,-1.0,-1.0,40,9,3
1936,RIGHT,-0.005,12.0,-1.0,-1.0,40,9,3
1937,RIGHT,-0.005,12.0,-1.0,-1.0,40,9,3
1938,B,-0.005,12.0,-1.0,-1.0,40,9,3
1939,LEFT,-0.005,12.0,-1.0,-1.0,40,9,3
1940,UP,0.01,12.0,-1.0,-1.0,40,9,2
1941,B,-0.005,13.0,-1.0,-1.0,40,9,2
1942,DOWN,0.01,13.0,-1.0,-1.0,40,9,3
1943,B,-0.005,12.0,-1.0,-1.0,40,9,3
1944,RIGHT,-0.005,12.0,-1.0,-1.0,40,9,3
1945,B,-0.005,12.0,-1.0,-1.0,40,9,3
1946,RIGHT,-0.005,12.0,-1.0,-1.0,40,9,3
1947,DOWN,0.01,12.0,-1.0,-1.0,40,9,4
1948,LEFT,0.01,11.0,-1.0,-1.0,40,8,4
1949,LEFT,0.01,10.0,-1.0,-1.0,40,7,4
1950,RIGHT,0.01,9.0,-1.0,-1.0,40,8,4
1951,B,-0.005,10.0,-1.0,-1.0,40,8,4
1952,UP,-0.005,10.0,-1.0,-1.0,40,8,4
1953,UP,-0.005,10.0,-1.0,-1.0,40,8,4
1954,LEFT,0.01,10.0,-1.0,-1.0,40,7,4
1955,B,-0.005,9.0,-1.0,-1.0,40,7,4
1956,UP,-0.005,9.0,-1.0,-1.0,40,7,4
1957,UP,-0.005,9.0,-1.0,-1.0,40,7,4
1958,B,-0.005,9.0,-1.0,-1.0,40,7,4
1959,DOWN,0.01,9.0,-1.0,-1.0,40,7,5
1960,UP,0.01,8.0,-1.0,-1.0,40,7,4
1961,B,-0.005,9.0,-1.0,-1.0,40,7,4
1962,DOWN,0.01,9.0,-1.0,-1.0,40,7,5
1963,RIGHT,0.01,8.0,-1.0,-1.0,40,8,5
1964,B,-0.005,9.0,-1.0,-1.0,40,8,5
1965,UP,0.01,9.0,-1.0,-1.0,40,8,4
1966,RIGHT,0.01,10.0,-1.0,-1.0,40,9,4
1967,UP,0.01,11.0,-1.0,-1.0,40,9,3
1968,B,-0.005,12.0,-1.0,-1.0,40,9,3
1969,DOWN,0.01,12.0,-1.0,-1.0,40,9,4
1970,RIGHT,-0.005,11.0,-1.0,-1.0,40,9,4
1971,RIGHT,-0.005,11.0,-1.0,-1.0,40,9,4
1972,DOWN,0.01,11.0,-1.0,-1.0,40,9,5
1973,RIGHT,-0.005,10.0,-1.0,-1.0,40,9,5
1974,B,-0.005,10.0,-1.0,-1.0,40,9,5
1975,LEFT,0.01,10.0,-1.0,-1.0,40,8,5
1976,UP,0.01,9.0,-1.0,-1.0,40,8,4
1977,RIGHT,0.01,10.0,-1.0,-1.0,40,9,4
1978,UP,0.01,11.0,-1.0,-1.0,40,9,3
1979,LEFT,-0.005,12.0,-1.0,-1.0,40,9,3
1980,LEFT,-0.005,12.0,-1.0,-1.0,40,9,3
1981,DOWN,0.01,12.0,-1.0,-1.0,40,9,4
1982,B,-0.005,11.0,-1.0,-1.0,40,9,4
1983,UP,0.01,11.0,-1.0,-1.0,40,9,3
1984,RIGHT,-0.005,12.0,-1.0,-1.0,40,9,3
1985,DOWN,0.01,12.0,-1.0,-1.0,40,9,4
1986,UP,0.01,11.0,-1.0,-1.0,40,9,3
1987,UP,0.01,12.0,-1.0,-1.0,40,9,2
1988,UP,-0.005,13.0,-1.0,-1.0,40,9,2
1989,DOWN,0.01,13.0,-1.0,-1.0,40,9,3
1990,RIGHT,-0.005,12.0,-1.0,-1.0,40,9,3
1991,LEFT,-0.005,12.0,-1.0,-1.0,40,9,3
1992,DOWN,0.01,12.0,-1.0,-1.0,40,9,4
1993,RIGHT,-0.005,11.0,-1.0,-1.0,40,9,4
1994,LEFT,0.01,11.0,-1.0,-1.0,40,8,4
1995,B,-0.005,10.0,-1.0,-1.0,40,8,4
1996,RIGHT,0.01,10.0,-1.0,-1.0,40,9,4
1997,RIGHT,-0.005,11.0,-1.0,-1.0,40,9,4
1998,DOWN,0.01,11.0,-1.0,-1.0,40,9,5
1999,RIGHT,-0.005,10.0,-1.0,-1.0,40,9,5
2000,RIGHT,-0.005,10.0,-1.0,-1.0,40,9,5
2001,RIGHT,-0.005,10.0,-1.0,-1.0,40,9,5
2002,LEFT,0.01,10.0,-1.0,-1.0,40,8,5
2003,B,-0.005,9.0,-1.0,-1.0,40,8,5
2004,UP,0.01,9.0,-1.0,-1.0,40,8,4
2005,DOWN,0.01,10.0,-1.0,-1.0,40,8,5
2006,UP,0.01,9.0,-1.0,-1.0,40,8,4
2007,RIGHT,0.01,10.0,-1.0,-1.0,40,9,4
2008,RIGHT,-0.005,11.0,-1.0,-1.0,40,9,4
2009,UP,0.01,11.0,-1.0,-1.0,40,9,3
2010,LEFT,-0.005,12.0,-1.0,-1.0,40,9,3
2011,LEFT,-0.005,12.0,-1.0,-1.0,40,9,3
2012,DOWN,0.01,12.0,-1.0,-1.0,40,9,4
2013,RIGHT,-0.005,11.0,-1.0,-1.0,40,9,4
2014,RIGHT,-0.005,11.0,-1.0,-1.0,40,9,4
2015,LEFT,0.01,11.0,-1.0,-1.0,40,8,4
2016,B,-0.005,10.0,-1.0,-1.0,40,8,4
2017,B,-0.005,10.0,-1.0,-1.0,40,8,4
2018,LEFT,0.01,10.0,-1.0,-1.0,40,7,4
2019,B,-0.005,9.0,-1.0,-1.0,40,7,4
2020,DOWN,0.01,9.0,-1.0,-1.0,40,7,5
2021,UP,0.01,8.0,-1.0,-1.0,40,7,4
2022,LEFT,0.01,9.0,-1.0,-1.0,40,6,4
2023,UP,-0.005,8.0,-1.0,-1.0,40,6,4
2024,UP,-0.005,8.0,-1.0,-1.0,40,6,4
2025,UP,-0.005,8.0,-1.0,-1.0,40,6,4
2026,LEFT,0.01,8.0,-1.0,-1.0,40,5,4
2027,UP,0.01,7.0,-1.0,-1.0,40,5,3
2028,RIGHT,-0.005,8.0,-1.0,-1.0,40,5,3
2029,RIGHT,-0.005,8.0,-1.0,-1.0,40,5,3
2030,B,-0.005,8.0,-1.0,-1.0,40,5,3
2031,LEFT,-0.005,8.0,-1.0,-1.0,40,5,3
2032,B,-0.005,8.0,-1.0,-1.0,40,5,3
2033,RIGHT,-0.005,8.0,-1.0,-1.0,40,5,3
2034,UP,0.01,8.0,-1.0,-1.0,40,5,2
2035,UP,0.01,9.0,-1.0,-1.0,40,5,1
2036,RIGHT,-0.005,10.0,-1.0,-1.0,40,5,1
2037,DOWN,0.01,10.0,-1.0,-1.0,40,5,2
2038,DOWN,0.01,9.0,-1.0,-1.0,40,5,3
2039,B,-0.005,8.0,-1.0,-1.0,40,5,3
2040,RIGHT,-0.005,8.0,-1.0,-1.0,40,5,3
2041,UP,0.01,8.0,-1.0,-1.0,40,5,2
2042,UP,0.01,9.0,-1.0,-1.0,40,5,1
2043,RIGHT,-0.005,10.0,-1.0,-1.0,40,5,1
2044,RIGHT,-0.005,10.0,-1.0,-1.0,40,5,1
2045,DOWN,0.01,10.0,-1.0,-1.0,40,5,2
2046,B,-0.005,9.0,-1.0,-1.0,40,5,2
2047,RIGHT,0.01,9.0,-1.0,-1.0,40,6,2
2048,UP,-0.005,10.0,-1.0,-1.0,40,6,2