step,action_name,reward,obs_distance_from_entrance,obs_distance_from_last_position_from_high_reward,obs_reward_taken_flag,obs_relevant_thing_in_current_map,map_id,x,y
1,UP,0.0,1.0,-1.0,-1.0,0.0,38,3,6
2,LEFT,0.0,1.0,-1.0,-1.0,0.0,38,2,6
3,LEFT,0.0,2.0,-1.0,-1.0,0.0,38,1,6
4,A,0.0,3.0,-1.0,-1.0,0.0,38,1,6
5,B,0.0,3.0,-1.0,-1.0,0.0,38,1,6
6,UP,0.0,3.0,-1.0,-1.0,0.0,38,1,5
7,B,0.0,4.0,-1.0,-1.0,0.0,38,1,5
8,A,0.0,4.0,-1.0,-1.0,0.0,38,1,5
9,DOWN,0.0,4.0,-1.0,-1.0,0.0,38,1,6
10,DOWN,0.0,3.0,-1.0,-1.0,0.0,38,1,7
11,A,0.0,4.0,-1.0,-1.0,0.0,38,1,7
12,UP,0.0,4.0,-1.0,-1.0,0.0,38,1,6
13,LEFT,0.0,3.0,-1.0,-1.0,0.0,38,1,6
14,LEFT,0.0,3.0,-1.0,-1.0,0.0,38,1,6
15,UP,0.0,3.0,-1.0,-1.0,0.0,38,1,5
16,UP,0.0,4.0,-1.0,-1.0,0.0,38,1,4
17,B,0.0,5.0,-1.0,-1.0,0.0,38,1,4
18,A,0.0,5.0,-1.0,-1.0,0.0,38,1,4
19,DOWN,0.0,5.0,-1.0,-1.0,0.0,38,1,5
20,RIGHT,0.0,4.0,-1.0,-1.0,0.0,38,2,5
21,LEFT,0.0,3.0,-1.0,-1.0,0.0,38,1,5
22,B,0.0,4.0,-1.0,-1.0,0.0,38,1,5
23,LEFT,0.0,4.0,-1.0,-1.0,0.0,38,0,5
24,DOWN,0.0,5.0,-1.0,-1.0,0.0,38,0,5
25,UP,0.0,5.0,-1.0,-1.0,0.0,38,0,4
26,A,0.0,6.0,-1.0,-1.0,0.0,38,0,4
27,B,0.0,6.0,-1.0,-1.0,0.0,38,0,4
28,B,0.0,6.0,-1.0,-1.0,0.0,38,0,4
29,A,0.0,6.0,-1.0,-1.0,0.0,38,0,4
30,A,0.0,6.0,-1.0,-1.0,0.0,38,0,4
31,LEFT,0.0,6.0,-1.0,-1.0,0.0,38,0,4
32,RIGHT,0.0,6.0,-1.0,-1.0,0.0,38,1,4
33,B,0.0,5.0,-1.0,-1.0,0.0,38,1,4
34,RIGHT,0.0,5.0,-1.0,-1.0,0.0,38,2,4
35,DOWN,0.0,4.0,-1.0,-1.0,0.0,38,2,5
36,A,0.0,3.0,-1.0,-1.0,0.0,38,2,5
37,A,0.0,3.0,-1.0,-1.0,0.0,38,2,5
38,B,0.0,3.0,-1.0,-1.0,0.0,38,2,5
39,UP,0.0,3.0,-1.0,-1.0,0.0,38,2,4
40,DOWN,0.0,4.0,-1.0,-1.0,0.0,38,2,5
41,RIGHT,0.0,3.0,-1.0,-1.0,0.0,38,2,5
42,A,0.0,3.0,-1.0,-1.0,0.0,38,2,5
43,RIGHT,0.0,3.0,-1.0,-1.0,0.0,38,2,5
44,A,0.0,3.0,-1.0,-1.0,0.0,38,2,5
45,B,0.0,3.0,-1.0,-1.0,0.0,38,2,5
46,RIGHT,0.0,3.0,-1.0,-1.0,0.0,38,2,5
47,DOWN,0.0,3.0,-1.0,-1.0,0.0,38,2,5
48,LEFT,0.0,3.0,-1.0,-1.0,0.0,38,2,5
49,B,0.0,3.0,-1.0,-1.0,0.0,38,2,5
50,UP,0.0,3.0,-1.0,-1.0,0.0,38,2,4
51,B,0.0,4.0,-1.0,-1.0,0.0,38,2,4
52,B,0.0,4.0,-1.0,-1.0,0.0,38,2,4
53,DOWN,0.0,4.0,-1.0,-1.0,0.0,38,2,5
54,RIGHT,0.0,3.0,-1.0,-1.0,0.0,38,2,5
55,RIGHT,0.0,3.0,-1.0,-1.0,0.0,38,2,5
56,LEFT,0.0,3.0,-1.0,-1.0,0.0,38,1,5
57,A,0.0,4.0,-1.0,-1.0,0.0,38,1,5
58,A,0.0,4.0,-1.0,-1.0,0.0,38,1,5
59,DOWN,0.0,4.0,-1.0,-1.0,0.0,38,1,6
60,UP,0.0,3.0,-1.0,-1.0,0.0,38,1,5
61,RIGHT,0.0,4.0,-1.0,-1.0,0.0,38,2,5
62,B,0.0,3.0,-1.0,-1.0,0.0,38,2,5
63,RIGHT,0.0,3.0,-1.0,-1.0,0.0,38,2,5
64,A,0.0,3.0,-1.0,-1.0,0.0,38,2,5
65,DOWN,0.0,3.0,-1.0,-1.0,0.0,38,2,5
66,RIGHT,0.0,3.0,-1.0,-1.0,0.0,38,2,5
67,DOWN,0.0,3.0,-1.0,-1.0,0.0,38,2,5
68,UP,0.0,3.0,-1.0,-1.0,0.0,38,2,5
69,RIGHT,0.0,3.0,-1.0,-1.0,0.0,38,2,5
70,DOWN,0.0,3.0,-1.0,-1.0,0.0,38,2,5
71,A,0.0,3.0,-1.0,-1.0,0.0,38,2,5
72,LEFT,0.0,3.0,-1.0,-1.0,0.0,38,2,5
73,LEFT,0.0,3.0,-1.0,-1.0,0.0,38,2,5
74,A,0.0,3.0,-1.0,-1.0,0.0,38,2,5
75,A,0.0,3.0,-1.0,-1.0,0.0,38,2,5
76,UP,0.0,3.0,-1.0,-1.0,0.0,38,2,4
77,UP,0.0,4.0,-1.0,-1.0,0.0,38,2,3
78,RIGHT,0.0,5.0,-1.0,-1.0,0.0,38,3,3
79,RIGHT,0.0,4.0,-1.0,-1.0,0.0,38,4,3
80,B,0.0,3.0,-1.0,-1.0,0.0,38,4,3
81,LEFT,0.0,3.0,-1.0,-1.0,0.0,38,3,3
82,RIGHT,0.0,4.0,-1.0,-1.0,0.0,38,4,3
83,UP,0.0,3.0,-1.0,-1.0,0.0,38,4,2
84,B,0.0,4.0,-1.0,-1.0,0.0,38,4,2
85,B,0.0,4.0,-1.0,-1.0,0.0,38,4,2
86,RIGHT,0.0,4.0,-1.0,-1.0,0.0,38,5,2
87,DOWN,0.0,5.0,-1.0,-1.0,0.0,38,5,3
88,RIGHT,0.0,4.0,-1.0,-1.0,0.0,38,6,3
89,B,0.0,5.0,-1.0,-1.0,0.0,38,6,3
90,B,0.0,5.0,-1.0,-1.0,0.0,38,6,3
91,UP,0.0,5.0,-1.0,-1.0,0.0,38,6,2
92,LEFT,0.0,6.0,-1.0,-1.0,0.0,38,5,2
93,DOWN,0.0,5.0,-1.0,-1.0,0.0,38,5,3
94,B,0.0,4.0,-1.0,-1.0,0.0,38,5,3
95,LEFT,0.0,4.0,-1.0,-1.0,0.0,38,4,3
96,B,0.0,3.0,-1.0,-1.0,0.0,38,4,3
97,A,0.0,3.0,-1.0,-1.0,0.0,38,4,3
98,RIGHT,0.0,3.0,-1.0,-1.0,0.0,38,5,3
99,UP,0.0,4.0,-1.0,-1.0,0.0,38,5,2
100,A,0.0,5.0,-1.0,-1.0,0.0,38,5,2
101,B,0.0,5.0,-1.0,-1.0,0.0,38,5,2
102,LEFT,0.0,5.0,-1.0,-1.0,0.0,38,4,2
103,A,0.0,4.0,-1.0,-1.0,0.0,38,4,2
104,UP,0.0,4.0,-1.0,-1.0,0.0,38,4,1
105,A,0.0,5.0,-1.0,-1.0,0.0,38,4,1
106,RIGHT,0.0,5.0,-1.0,-1.0,0.0,38,5,1
107,A,0.0,6.0,-1.0,-1.0,0.0,38,5,1
108,UP,0.0,6.0,-1.0,-1.0,0.0,38,5,1
109,RIGHT,0.0,6.0,-1.0,-1.0,0.0,38,6,1
110,DOWN,0.0,7.0,-1.0,-1.0,0.0,38,6,2
111,LEFT,0.0,6.0,-1.0,-1.0,0.0,38,5,2
112,UP,0.0,5.0,-1.0,-1.0,0.0,38,5,1
113,DOWN,0.0,6.0,-1.0,-1.0,0.0,38,5,2
114,A,0.0,5.0,-1.0,-1.0,0.0,38,5,2
115,DOWN,0.0,5.0,-1.0,-1.0,0.0,38,5,3
116,LEFT,0.0,4.0,-1.0,-1.0,0.0,38,4,3
117,A,0.0,3.0,-1.0,-1.0,0.0,38,4,3
118,B,0.0,3.0,-1.0,-1.0,0.0,38,4,3
119,B,0.0,3.0,-1.0,-1.0,0.0,38,4,3
120,DOWN,0.0,3.0,-1.0,-1.0,0.0,38,4,4
121,LEFT,0.0,2.0,-1.0,-1.0,0.0,38,4,4
122,DOWN,0.0,2.0,-1.0,-1.0,0.0,38,4,5
123,RIGHT,0.0,1.0,-1.0,-1.0,0.0,38,5,5
124,A,0.0,2.0,-1.0,-1.0,0.0,38,5,5
125,RIGHT,0.0,2.0,-1.0,-1.0,0.0,38,6,5
126,A,0.0,3.0,-1.0,-1.0,0.0,38,6,5
127,A,0.0,3.0,-1.0,-1.0,0.0,38,6,5
128,UP,0.0,3.0,-1.0,-1.0,0.0,38,6,4
129,RIGHT,0.0,4.0,-1.0,-1.0,0.0,38,7,4
130,B,0.0,5.0,-1.0,-1.0,0.0,38,7,4
131,UP,0.0,5.0,-1.0,-1.0,0.0,38,7,3
132,RIGHT,0.0,6.0,-1.0,-1.0,0.0,38,7,3
133,A,0.0,6.0,-1.0,-1.0,0.0,38,7,3
134,B,0.0,6.0,-1.0,-1.0,0.0,38,7,3
135,A,0.0,6.0,-1.0,-1.0,0.0,38,7,3
136,UP,0.0,6.0,-1.0,-1.0,0.0,38,7,2
137,DOWN,0.0,7.0,-1.0,-1.0,0.0,38,7,3
138,B,0.0,6.0,-1.0,-1.0,0.0,38,7,3
139,RIGHT,0.0,6.0,-1.0,-1.0,0.0,38,7,3
140,A,0.0,6.0,-1.0,-1.0,0.0,38,7,3
141,DOWN,0.0,6.0,-1.0,-1.0,0.0,38,7,4
142,B,0.0,5.0,-1.0,-1.0,0.0,38,7,4
143,RIGHT,0.0,5.0,-1.0,-1.0,0.0,38,7,4
144,A,0.0,5.0,-1.0,-1.0,0.0,38,7,4
145,DOWN,0.0,5.0,-1.0,-1.0,0.0,38,7,5
146,A,0.0,4.0,-1.0,-1.0,0.0,38,7,5
147,RIGHT,0.0,4.0,-1.0,-1.0,0.0,38,7,5
148,B,0.0,4.0,-1.0,-1.0,0.0,38,7,5
149,B,0.0,4.0,-1.0,-1.0,0.0,38,7,5
150,UP,0.0,4.0,-1.0,-1.0,0.0,38,7,4
151,A,0.0,5.0,-1.0,-1.0,0.0,38,7,4
152,UP,0.0,5.0,-1.0,-1.0,0.0,38,7,3
153,UP,0.0,6.0,-1.0,-1.0,0.0,38,7,2
154,DOWN,0.0,7.0,-1.0,-1.0,0.0,38,7,3
155,UP,0.0,6.0,-1.0,-1.0,0.0,38,7,2
156,UP,3.0,7.0,-1.0,-1.0,0.0,37,7,1
157,UP,0.0,0.0,-1.0,-1.0,0.0,37,7,1
158,LEFT,0.0,0.0,-1.0,-1.0,0.0,37,6,1
159,A,0.0,1.0,-1.0,-1.0,0.0,37,6,1
160,RIGHT,0.0,1.0,-1.0,-1.0,0.0,38,7,1
161,B,0.0,8.0,1.0,1.0,0.0,38,7,1
162,LEFT,0.0,8.0,1.0,1.0,0.0,38,6,1
163,A,0.0,7.0,2.0,1.0,0.0,38,6,1
164,RIGHT,0.0,7.0,2.0,1.0,0.0,37,7,1
165,DOWN,0.0,0.0,-1.0,-1.0,0.0,37,7,2
166,B,0.0,1.0,-1.0,-1.0,0.0,37,7,2
167,DOWN,0.0,1.0,-1.0,-1.0,0.0,37,7,3
168,B,0.0,2.0,-1.0,-1.0,0.0,37,7,3
169,UP,0.0,2.0,-1.0,-1.0,0.0,37,7,2
170,DOWN,0.0,1.0,-1.0,-1.0,0.0,37,7,3
171,B,0.0,2.0,-1.0,-1.0,0.0,37,7,3
172,A,0.0,2.0,-1.0,-1.0,0.0,37,7,3
173,DOWN,0.0,2.0,-1.0,-1.0,0.0,37,7,4
174,UP,0.0,3.0,-1.0,-1.0,0.0,37,7,3
175,LEFT,0.0,2.0,-1.0,-1.0,0.0,37,6,3
176,UP,0.0,3.0,-1.0,-1.0,0.0,37,6,2
177,B,0.0,2.0,-1.0,-1.0,0.0,37,6,2
178,LEFT,0.0,2.0,-1.0,-1.0,0.0,37,5,2
179,B,0.0,3.0,-1.0,-1.0,0.0,37,5,2
180,LEFT,0.0,3.0,-1.0,-1.0,0.0,37,4,2
181,DOWN,0.0,4.0,-1.0,-1.0,0.0,37,4,3
182,DOWN,0.0,5.0,-1.0,-1.0,0.0,37,4,3
183,A,0.0,5.0,-1.0,-1.0,0.0,37,4,3
184,DOWN,0.0,5.0,-1.0,-1.0,0.0,37,4,3
185,RIGHT,0.0,5.0,-1.0,-1.0,0.0,37,5,3
186,RIGHT,0.0,4.0,-1.0,-1.0,0.0,37,6,3
187,A,0.0,3.0,-1.0,-1.0,0.0,37,6,3
188,A,0.0,3.0,-1.0,-1.0,0.0,37,6,3
189,LEFT,0.0,3.0,-1.0,-1.0,0.0,37,5,3
190,UP,0.0,4.0,-1.0,-1.0,0.0,37,5,2
191,A,0.0,3.0,-1.0,-1.0,0.0,37,5,2
192,DOWN,0.0,3.0,-1.0,-1.0,0.0,37,5,3
193,A,0.0,4.0,-1.0,-1.0,0.0,37,5,3
194,RIGHT,0.0,4.0,-1.0,-1.0,0.0,37,5,3
195,A,0.0,4.0,-1.0,-1.0,0.0,37,5,3
196,LEFT,0.0,4.0,-1.0,-1.0,0.0,37,5,3
197,RIGHT,0.0,4.0,-1.0,-1.0,0.0,37,5,3
198,LEFT,0.0,4.0,-1.0,-1.0,0.0,37,5,3
199,LEFT,0.0,4.0,-1.0,-1.0,0.0,37,5,3
200,DOWN,0.0,4.0,-1.0,-1.0,0.0,37,5,3
201,DOWN,0.0,4.0,-1.0,-1.0,0.0,37,5,3
202,B,0.0,4.0,-1.0,-1.0,0.0,37,5,3
203,UP,0.0,4.0,-1.0,-1.0,0.0,37,5,3
204,LEFT,0.0,4.0,-1.0,-1.0,0.0,37,5,3
205,RIGHT,0.0,4.0,-1.0,-1.0,0.0,37,5,3
206,DOWN,0.0,4.0,-1.0,-1.0,0.0,37,5,3
207,DOWN,0.0,4.0,-1.0,-1.0,0.0,37,5,3
208,B,0.0,4.0,-1.0,-1.0,0.0,37,5,3
209,A,0.0,4.0,-1.0,-1.0,0.0,37,5,3
210,LEFT,0.0,4.0,-1.0,-1.0,0.0,37,5,3
211,DOWN,0.0,4.0,-1.0,-1.0,0.0,37,5,3
212,RIGHT,0.0,4.0,-1.0,-1.0,0.0,37,5,3
213,UP,0.0,4.0,-1.0,-1.0,0.0,37,5,3
214,DOWN,0.0,4.0,-1.0,-1.0,0.0,37,5,3
215,DOWN,0.0,4.0,-1.0,-1.0,0.0,37,5,3
216,LEFT,0.0,4.0,-1.0,-1.0,0.0,37,5,3
217,DOWN,0.0,4.0,-1.0,-1.0,0.0,37,5,3
218,LEFT,0.0,4.0,-1.0,-1.0,0.0,37,5,3
219,B,0.0,4.0,-1.0,-1.0,0.0,37,5,3
220,LEFT,0.0,4.0,-1.0,-1.0,0.0,37,4,3
221,RIGHT,0.0,5.0,-1.0,-1.0,0.0,37,5,3
222,B,0.0,4.0,-1.0,-1.0,0.0,37,5,3
223,LEFT,0.0,4.0,-1.0,-1.0,0.0,37,4,3
224,LEFT,0.0,5.0,-1.0,-1.0,0.0,37,3,3
225,A,0.0,6.0,-1.0,-1.0,0.0,37,3,3
226,B,0.0,6.0,-1.0,-1.0,0.0,37,3,3
227,LEFT,0.0,6.0,-1.0,-1.0,0.0,37,2,3
228,A,0.0,7.0,-1.0,-1.0,0.0,37,2,3
229,DOWN,0.0,7.0,-1.0,-1.0,0.0,37,2,4
230,A,0.0,8.0,-1.0,-1.0,0.0,37,2,4
231,DOWN,0.0,8.0,-1.0,-1.0,0.0,37,2,5
232,B,0.0,9.0,-1.0,-1.0,0.0,37,2,5
233,LEFT,0.0,9.0,-1.0,-1.0,0.0,37,1,5
234,RIGHT,0.0,10.0,-1.0,-1.0,0.0,37,2,5
235,LEFT,0.0,9.0,-1.0,-1.0,0.0,37,1,5
236,UP,0.0,10.0,-1.0,-1.0,0.0,37,1,4
237,DOWN,0.0,9.0,-1.0,-1.0,0.0,37,1,5
238,RIGHT,0.0,10.0,-1.0,-1.0,0.0,37,2,5
239,RIGHT,0.0,9.0,-1.0,-1.0,0.0,37,2,5
240,LEFT,0.0,9.0,-1.0,-1.0,0.0,37,1,5
241,DOWN,0.0,10.0,-1.0,-1.0,0.0,37,1,6
242,UP,0.0,11.0,-1.0,-1.0,0.0,37,1,5
243,B,0.0,10.0,-1.0,-1.0,0.0,37,1,5
244,A,0.0,10.0,-1.0,-1.0,0.0,37,1,5
245,DOWN,0.0,10.0,-1.0,-1.0,0.0,37,1,6
246,A,0.0,11.0,-1.0,-1.0,0.0,37,1,6
247,LEFT,0.0,11.0,-1.0,-1.0,0.0,37,0,6
248,A,0.0,12.0,-1.0,-1.0,0.0,37,0,6
249,A,0.0,12.0,-1.0,-1.0,0.0,37,0,6
250,LEFT,0.0,12.0,-1.0,-1.0,0.0,37,0,6
251,LEFT,0.0,12.0,-1.0,-1.0,0.0,37,0,6
252,A,0.0,12.0,-1.0,-1.0,0.0,37,0,6
253,RIGHT,0.0,12.0,-1.0,-1.0,0.0,37,1,6
254,B,0.0,11.0,-1.0,-1.0,0.0,37,1,6
255,LEFT,0.0,11.0,-1.0,-1.0,0.0,37,0,6
256,DOWN,0.0,12.0,-1.0,-1.0,0.0,37,0,7
257,DOWN,0.0,13.0,-1.0,-1.0,0.0,37,0,7
258,DOWN,0.0,13.0,-1.0,-1.0,0.0,37,0,7
259,RIGHT,0.0,13.0,-1.0,-1.0,0.0,37,1,7
260,RIGHT,0.0,12.0,-1.0,-1.0,0.0,37,2,7
261,A,0.0,11.0,-1.0,-1.0,0.0,37,2,7
262,B,0.0,11.0,-1.0,-1.0,0.0,37,2,7
263,B,0.0,11.0,-1.0,-1.0,0.0,37,2,7
264,B,0.0,11.0,-1.0,-1.0,0.0,37,2,7
265,LEFT,0.0,11.0,-1.0,-1.0,0.0,37,1,7
266,RIGHT,0.0,12.0,-1.0,-1.0,0.0,37,2,7
267,UP,0.0,11.0,-1.0,-1.0,0.0,37,2,6
268,DOWN,0.0,10.0,-1.0,-1.0,0.0,37,2,7
269,RIGHT,0.0,11.0,-1.0,-1.0,0.0,37,3,7
270,DOWN,3.0,10.0,-1.0,-1.0,0.0,0,5,6
271,UP,0.0,0.0,-1.0,-1.0,0.0,37,2,7
272,UP,0.0,11.0,1.0,1.0,0.0,37,2,6
273,DOWN,0.0,10.0,2.0,1.0,0.0,37,2,7
274,DOWN,0.0,11.0,1.0,1.0,0.0,0,5,6
275,RIGHT,0.0,0.0,-1.0,-1.0,0.0,0,6,6
276,A,0.0,1.0,-1.0,-1.0,0.0,0,6,6
277,DOWN,0.0,1.0,-1.0,-1.0,0.0,0,6,7
278,RIGHT,0.0,2.0,-1.0,-1.0,0.0,0,7,7
279,RIGHT,0.0,3.0,-1.0,-1.0,0.0,0,8,7
280,DOWN,0.0,4.0,-1.0,-1.0,0.0,0,8,8
281,UP,0.0,5.0,-1.0,-1.0,0.0,0,8,7
282,A,0.0,4.0,-1.0,-1.0,0.0,0,8,7
283,RIGHT,0.0,4.0,-1.0,-1.0,0.0,0,9,7
284,RIGHT,0.0,5.0,-1.0,-1.0,0.0,0,10,7
285,UP,0.0,6.0,-1.0,-1.0,0.0,0,10,6
286,DOWN,0.0,5.0,-1.0,-1.0,0.0,0,10,7
287,UP,0.0,6.0,-1.0,-1.0,0.0,0,10,6
288,LEFT,0.0,5.0,-1.0,-1.0,0.0,0,9,6
289,RIGHT,0.0,4.0,-1.0,-1.0,0.0,0,10,6
290,RIGHT,0.0,5.0,-1.0,-1.0,0.0,0,11,6
291,LEFT,0.0,6.0,-1.0,-1.0,0.0,0,10,6
292,A,0.0,5.0,-1.0,-1.0,0.0,0,10,6
293,RIGHT,0.0,5.0,-1.0,-1.0,0.0,0,11,6
294,DOWN,0.0,6.0,-1.0,-1.0,0.0,0,11,7
295,A,0.0,7.0,-1.0,-1.0,0.0,0,11,7
296,LEFT,0.0,7.0,-1.0,-1.0,0.0,0,10,7
297,A,0.0,6.0,-1.0,-1.0,0.0,0,10,7
298,DOWN,0.0,6.0,-1.0,-1.0,0.0,0,10,7
299,UP,0.0,6.0,-1.0,-1.0,0.0,0,10,6
300,UP,0.0,5.0,-1.0,-1.0,0.0,0,10,5
301,RIGHT,0.0,6.0,-1.0,-1.0,0.0,0,10,5
302,B,0.0,6.0,-1.0,-1.0,0.0,0,10,5
303,RIGHT,0.0,6.0,-1.0,-1.0,0.0,0,10,5
304,RIGHT,0.0,6.0,-1.0,-1.0,0.0,0,10,5
305,LEFT,0.0,6.0,-1.0,-1.0,0.0,0,9,5
306,B,0.0,5.0,-1.0,-1.0,0.0,0,9,5
307,LEFT,0.0,5.0,-1.0,-1.0,0.0,0,8,5
308,RIGHT,0.0,4.0,-1.0,-1.0,0.0,0,9,5
309,LEFT,0.0,5.0,-1.0,-1.0,0.0,0,8,5
310,A,0.0,4.0,-1.0,-1.0,0.0,0,8,5
311,LEFT,0.0,4.0,-1.0,-1.0,0.0,0,8,5
312,A,0.0,4.0,-1.0,-1.0,0.0,0,8,5
313,LEFT,0.0,4.0,-1.0,-1.0,0.0,0,8,5
314,DOWN,0.0,4.0,-1.0,-1.0,0.0,0,8,6
315,DOWN,0.0,3.0,-1.0,-1.0,0.0,0,8,7
316,B,0.0,4.0,-1.0,-1.0,0.0,0,8,7
317,A,0.0,4.0,-1.0,-1.0,0.0,0,8,7
318,A,0.0,4.0,-1.0,-1.0,0.0,0,8,7
319,RIGHT,0.0,4.0,-1.0,-1.0,0.0,0,9,7
320,RIGHT,0.0,5.0,-1.0,-1.0,0.0,0,10,7
321,B,0.0,6.0,-1.0,-1.0,0.0,0,10,7
322,B,0.0,6.0,-1.0,-1.0,0.0,0,10,7
323,A,0.0,6.0,-1.0,-1.0,0.0,0,10,7
324,B,0.0,6.0,-1.0,-1.0,0.0,0,10,7
325,DOWN,0.0,6.0,-1.0,-1.0,0.0,0,10,7
326,RIGHT,0.0,6.0,-1.0,-1.0,0.0,0,11,7
327,DOWN,0.0,7.0,-1.0,-1.0,0.0,0,11,7
328,B,0.0,7.0,-1.0,-1.0,0.0,0,11,7
329,RIGHT,0.0,7.0,-1.0,-1.0,0.0,0,12,7
330,RIGHT,0.0,8.0,-1.0,-1.0,0.0,0,13,7
331,LEFT,0.0,9.0,-1.0,-1.0,0.0,0,12,7
332,DOWN,0.0,8.0,-1.0,-1.0,0.0,0,12,7
333,A,0.0,8.0,-1.0,-1.0,0.0,0,12,7
334,A,0.0,8.0,-1.0,-1.0,0.0,0,12,7
335,LEFT,0.0,8.0,-1.0,-1.0,0.0,0,11,7
336,B,0.0,7.0,-1.0,-1.0,0.0,0,11,7
337,DOWN,0.0,7.0,-1.0,-1.0,0.0,0,11,7
338,A,0.0,7.0,-1.0,-1.0,0.0,0,11,7
339,UP,0.0,7.0,-1.0,-1.0,0.0,0,11,6
340,LEFT,0.0,6.0,-1.0,-1.0,0.0,0,10,6
341,A,0.0,5.0,-1.0,-1.0,0.0,0,10,6
342,DOWN,0.0,5.0,-1.0,-1.0,0.0,0,10,7
343,RIGHT,0.0,6.0,-1.0,-1.0,0.0,0,11,7
344,B,0.0,7.0,-1.0,-1.0,0.0,0,11,7
345,B,0.0,7.0,-1.0,-1.0,0.0,0,11,7
346,A,0.0,7.0,-1.0,-1.0,0.0,0,11,7
347,B,0.0,7.0,-1.0,-1.0,0.0,0,11,7
348,A,0.0,7.0,-1.0,-1.0,0.0,0,11,7
349,DOWN,0.0,7.0,-1.0,-1.0,0.0,0,11,7
350,LEFT,0.0,7.0,-1.0,-1.0,0.0,0,10,7
351,A,0.0,6.0,-1.0,-1.0,0.0,0,10,7
352,B,0.0,6.0,-1.0,-1.0,0.0,0,10,7
353,RIGHT,0.0,6.0,-1.0,-1.0,0.0,0,11,7
354,B,0.0,7.0,-1.0,-1.0,0.0,0,11,7
355,RIGHT,0.0,7.0,-1.0,-1.0,0.0,0,12,7
356,UP,0.0,8.0,-1.0,-1.0,0.0,0,12,6
357,B,0.0,7.0,-1.0,-1.0,0.0,0,12,6
358,B,0.0,7.0,-1.0,-1.0,0.0,0,12,6
359,LEFT,0.0,7.0,-1.0,-1.0,0.0,0,11,6
360,DOWN,0.0,6.0,-1.0,-1.0,0.0,0,11,7
361,B,0.0,7.0,-1.0,-1.0,0.0,0,11,7
362,A,0.0,7.0,-1.0,-1.0,0.0,0,11,7
363,A,0.0,7.0,-1.0,-1.0,0.0,0,11,7
364,RIGHT,0.0,7.0,-1.0,-1.0,0.0,0,12,7
365,DOWN,0.0,8.0,-1.0,-1.0,0.0,0,12,7
366,UP,0.0,8.0,-1.0,-1.0,0.0,0,12,6
367,LEFT,0.0,7.0,-1.0,-1.0,0.0,0,11,6
368,DOWN,0.0,6.0,-1.0,-1.0,0.0,0,11,7
369,LEFT,0.0,7.0,-1.0,-1.0,0.0,0,10,7
370,A,0.0,6.0,-1.0,-1.0,0.0,0,10,7
371,LEFT,0.0,6.0,-1.0,-1.0,0.0,0,9,7
372,A,0.0,5.0,-1.0,-1.0,0.0,0,9,7
373,LEFT,0.0,5.0,-1.0,-1.0,0.0,0,8,7
374,RIGHT,0.0,4.0,-1.0,-1.0,0.0,0,9,7
375,LEFT,0.0,5.0,-1.0,-1.0,0.0,0,8,7
376,UP,0.0,4.0,-1.0,-1.0,0.0,0,8,6
377,A,0.0,3.0,-1.0,-1.0,0.0,0,8,6
378,A,0.0,3.0,-1.0,-1.0,0.0,0,8,6
379,RIGHT,0.0,3.0,-1.0,-1.0,0.0,0,9,6
380,DOWN,0.0,4.0,-1.0,-1.0,0.0,0,9,7
381,B,0.0,5.0,-1.0,-1.0,0.0,0,9,7
382,LEFT,0.0,5.0,-1.0,-1.0,0.0,0,8,7
383,B,0.0,4.0,-1.0,-1.0,0.0,0,8,7
384,UP,0.0,4.0,-1.0,-1.0,0.0,0,8,6
385,A,0.0,3.0,-1.0,-1.0,0.0,0,8,6
386,LEFT,0.0,3.0,-1.0,-1.0,0.0,0,7,6
387,LEFT,0.0,2.0,-1.0,-1.0,0.0,0,6,6
388,RIGHT,0.0,1.0,-1.0,-1.0,0.0,0,7,6
389,DOWN,0.0,2.0,-1.0,-1.0,0.0,0,7,7
390,UP,0.0,3.0,-1.0,-1.0,0.0,0,7,6
391,A,0.0,2.0,-1.0,-1.0,0.0,0,7,6
392,B,0.0,2.0,-1.0,-1.0,0.0,0,7,6
393,UP,0.0,2.0,-1.0,-1.0,0.0,0,7,6
394,LEFT,0.0,2.0,-1.0,-1.0,0.0,0,6,6
395,RIGHT,0.0,1.0,-1.0,-1.0,0.0,0,7,6
396,RIGHT,0.0,2.0,-1.0,-1.0,0.0,0,8,6
397,UP,0.0,3.0,-1.0,-1.0,0.0,0,8,5
398,RIGHT,0.0,4.0,-1.0,-1.0,0.0,0,9,5
399,A,0.0,5.0,-1.0,-1.0,0.0,0,9,5
400,A,0.0,5.0,-1.0,-1.0,0.0,0,9,5
401,B,0.0,5.0,-1.0,-1.0,0.0,0,9,5
402,DOWN,0.0,5.0,-1.0,-1.0,0.0,0,9,6
403,B,0.0,4.0,-1.0,-1.0,0.0,0,9,6
404,RIGHT,0.0,4.0,-1.0,-1.0,0.0,0,10,6
405,DOWN,0.0,5.0,-1.0,-1.0,0.0,0,10,7
406,UP,0.0,6.0,-1.0,-1.0,0.0,0,10,6
407,DOWN,0.0,5.0,-1.0,-1.0,0.0,0,10,7
408,LEFT,0.0,6.0,-1.0,-1.0,0.0,0,9,7
409,A,0.0,5.0,-1.0,-1.0,0.0,0,9,7
410,A,0.0,5.0,-1.0,-1.0,0.0,0,9,7
411,RIGHT,0.0,5.0,-1.0,-1.0,0.0,0,10,7
412,A,0.0,6.0,-1.0,-1.0,0.0,0,10,7
413,LEFT,0.0,6.0,-1.0,-1.0,0.0,0,9,7
414,UP,0.0,5.0,-1.0,-1.0,0.0,0,9,6
415,UP,0.0,4.0,-1.0,-1.0,0.0,0,9,5
416,A,0.0,5.0,-1.0,-1.0,0.0,0,9,5
417,UP,0.0,5.0,-1.0,-1.0,0.0,0,9,4
418,DOWN,0.0,6.0,-1.0,-1.0,0.0,0,9,5
419,LEFT,0.0,5.0,-1.0,-1.0,0.0,0,8,5
420,LEFT,0.0,4.0,-1.0,-1.0,0.0,0,8,5
421,RIGHT,0.0,4.0,-1.0,-1.0,0.0,0,9,5
422,LEFT,0.0,5.0,-1.0,-1.0,0.0,0,8,5
423,UP,0.0,4.0,-1.0,-1.0,0.0,0,8,4
424,DOWN,0.0,5.0,-1.0,-1.0,0.0,0,8,5
425,A,0.0,4.0,-1.0,-1.0,0.0,0,8,5
426,B,0.0,4.0,-1.0,-1.0,0.0,0,8,5
427,UP,0.0,4.0,-1.0,-1.0,0.0,0,8,4
428,A,0.0,5.0,-1.0,-1.0,0.0,0,8,4
429,LEFT,0.0,5.0,-1.0,-1.0,0.0,0,8,4
430,B,0.0,5.0,-1.0,-1.0,0.0,0,8,4
431,RIGHT,0.0,5.0,-1.0,-1.0,0.0,0,9,4
432,RIGHT,0.0,6.0,-1.0,-1.0,0.0,0,10,4
433,B,0.0,7.0,-1.0,-1.0,0.0,0,10,4
434,UP,0.0,7.0,-1.0,-1.0,0.0,0,10,3
435,B,0.0,8.0,-1.0,-1.0,0.0,0,10,3
436,A,0.0,8.0,-1.0,-1.0,0.0,0,10,3
437,LEFT,0.0,8.0,-1.0,-1.0,0.0,0,9,3
438,DOWN,0.0,7.0,-1.0,-1.0,0.0,0,9,4
439,LEFT,0.0,6.0,-1.0,-1.0,0.0,0,8,4
440,DOWN,0.0,5.0,-1.0,-1.0,0.0,0,8,5
441,RIGHT,0.0,4.0,-1.0,-1.0,0.0,0,9,5
442,RIGHT,0.0,5.0,-1.0,-1.0,0.0,0,10,5
443,LEFT,0.0,6.0,-1.0,-1.0,0.0,0,9,5
444,B,0.0,5.0,-1.0,-1.0,0.0,0,9,5
445,A,0.0,5.0,-1.0,-1.0,0.0,0,9,5
446,B,0.0,5.0,-1.0,-1.0,0.0,0,9,5
447,LEFT,0.0,5.0,-1.0,-1.0,0.0,0,8,5
448,UP,0.0,4.0,-1.0,-1.0,0.0,0,8,4
449,DOWN,0.0,5.0,-1.0,-1.0,0.0,0,8,5
450,A,0.0,4.0,-1.0,-1.0,0.0,0,8,5
451,B,0.0,4.0,-1.0,-1.0,0.0,0,8,5
452,DOWN,0.0,4.0,-1.0,-1.0,0.0,0,8,6
453,DOWN,0.0,3.0,-1.0,-1.0,0.0,0,8,7
454,A,0.0,4.0,-1.0,-1.0,0.0,0,8,7
455,UP,0.0,4.0,-1.0,-1.0,0.0,0,8,6
456,A,0.0,3.0,-1.0,-1.0,0.0,0,8,6
457,RIGHT,0.0,3.0,-1.0,-1.0,0.0,0,9,6
458,LEFT,0.0,4.0,-1.0,-1.0,0.0,0,8,6
459,UP,0.0,3.0,-1.0,-1.0,0.0,0,8,5
460,LEFT,0.0,4.0,-1.0,-1.0,0.0,0,8,5
461,RIGHT,0.0,4.0,-1.0,-1.0,0.0,0,9,5
462,A,0.0,5.0,-1.0,-1.0,0.0,0,9,5
463,UP,0.0,5.0,-1.0,-1.0,0.0,0,9,4
464,DOWN,0.0,6.0,-1.0,-1.0,0.0,0,9,5
465,RIGHT,0.0,5.0,-1.0,-1.0,0.0,0,10,5
466,LEFT,0.0,6.0,-1.0,-1.0,0.0,0,9,5
467,UP,0.0,5.0,-1.0,-1.0,0.0,0,9,4
468,DOWN,0.0,6.0,-1.0,-1.0,0.0,0,9,5
469,RIGHT,0.0,5.0,-1.0,-1.0,0.0,0,10,5
470,B,0.0,6.0,-1.0,-1.0,0.0,0,10,5
471,B,0.0,6.0,-1.0,-1.0,0.0,0,10,5
472,A,0.0,6.0,-1.0,-1.0,0.0,0,10,5
473,B,0.0,6.0,-1.0,-1.0,0.0,0,10,5
474,LEFT,0.0,6.0,-1.0,-1.0,0.0,0,9,5
475,RIGHT,0.0,5.0,-1.0,-1.0,0.0,0,10,5
476,B,0.0,6.0,-1.0,-1.0,0.0,0,10,5
477,B,0.0,6.0,-1.0,-1.0,0.0,0,10,5
478,DOWN,0.0,6.0,-1.0,-1.0,0.0,0,10,6
479,A,0.0,5.0,-1.0,-1.0,0.0,0,10,6
480,LEFT,0.0,5.0,-1.0,-1.0,0.0,0,9,6
481,B,0.0,4.0,-1.0,-1.0,0.0,0,9,6
482,LEFT,0.0,4.0,-1.0,-1.0,0.0,0,8,6
483,RIGHT,0.0,3.0,-1.0,-1.0,0.0,0,9,6
484,UP,0.0,4.0,-1.0,-1.0,0.0,0,9,5
485,UP,0.0,5.0,-1.0,-1.0,0.0,0,9,4
486,A,0.0,6.0,-1.0,-1.0,0.0,0,9,4
487,A,0.0,6.0,-1.0,-1.0,0.0,0,9,4
488,LEFT,0.0,6.0,-1.0,-1.0,0.0,0,8,4
489,DOWN,0.0,5.0,-1.0,-1.0,0.0,0,8,5
490,DOWN,0.0,4.0,-1.0,-1.0,0.0,0,8,6
491,RIGHT,0.0,3.0,-1.0,-1.0,0.0,0,9,6
492,A,0.0,4.0,-1.0,-1.0,0.0,0,9,6
493,UP,0.0,4.0,-1.0,-1.0,0.0,0,9,5
494,LEFT,0.0,5.0,-1.0,-1.0,0.0,0,8,5
495,DOWN,0.0,4.0,-1.0,-1.0,0.0,0,8,6
496,UP,0.0,3.0,-1.0,-1.0,0.0,0,8,5
497,RIGHT,0.0,4.0,-1.0,-1.0,0.0,0,9,5
498,LEFT,0.0,5.0,-1.0,-1.0,0.0,0,8,5
499,UP,0.0,4.0,-1.0,-1.0,0.0,0,8,4
500,RIGHT,0.0,5.0,-1.0,-1.0,0.0,0,9,4
501,DOWN,0.0,6.0,-1.0,-1.0,0.0,0,9,5
502,UP,0.0,5.0,-1.0,-1.0,0.0,0,9,4
503,UP,0.0,6.0,-1.0,-1.0,0.0,0,9,3
504,UP,0.0,7.0,-1.0,-1.0,0.0,0,9,2
505,A,0.0,8.0,-1.0,-1.0,0.0,0,9,2
506,UP,0.0,8.0,-1.0,-1.0,0.0,0,9,2
507,DOWN,0.0,8.0,-1.0,-1.0,0.0,0,9,3
508,UP,0.0,7.0,-1.0,-1.0,0.0,0,9,2
509,A,0.0,8.0,-1.0,-1.0,0.0,0,9,2
510,B,0.0,8.0,-1.0,-1.0,0.0,0,9,2
511,UP,0.0,8.0,-1.0,-1.0,0.0,0,9,2
512,B,0.0,8.0,-1.0,-1.0,0.0,0,9,2
513,UP,0.0,8.0,-1.0,-1.0,0.0,0,9,2
514,RIGHT,0.0,8.0,-1.0,-1.0,0.0,0,10,2
515,B,0.0,9.0,-1.0,-1.0,0.0,0,10,2
516,UP,0.0,9.0,-1.0,-1.0,0.0,0,10,1
517,B,0.0,10.0,-1.0,-1.0,0.0,0,10,1
518,A,0.0,10.0,-1.0,-1.0,0.0,0,10,1
519,LEFT,0.0,10.0,-1.0,-1.0,0.0,0,10,1
520,LEFT,0.0,10.0,-1.0,-1.0,0.0,0,10,1
521,B,0.0,10.0,-1.0,-1.0,0.0,0,10,1
522,DOWN,0.0,10.0,-1.0,-1.0,0.0,0,10,1
523,A,0.0,10.0,-1.0,-1.0,0.0,0,10,1
524,UP,0.0,10.0,-1.0,-1.0,0.0,0,10,1
525,A,0.0,10.0,-1.0,-1.0,0.0,0,10,1
526,DOWN,0.0,10.0,-1.0,-1.0,0.0,0,10,1
527,RIGHT,0.0,10.0,-1.0,-1.0,0.0,0,10,1
528,A,0.0,10.0,-1.0,-1.0,0.0,0,10,1
529,RIGHT,0.0,10.0,-1.0,-1.0,0.0,0,10,1
530,B,0.0,10.0,-1.0,-1.0,0.0,0,10,1
531,DOWN,0.0,10.0,-1.0,-1.0,0.0,0,10,1
532,RIGHT,0.0,10.0,-1.0,-1.0,0.0,0,10,1
533,DOWN,0.0,10.0,-1.0,-1.0,0.0,0,10,1
534,RIGHT,0.0,10.0,-1.0,-1.0,0.0,0,10,1
535,RIGHT,0.0,10.0,-1.0,-1.0,0.0,0,10,1
536,A,0.0,10.0,-1.0,-1.0,0.0,0,10,5
537,B,0.0,6.0,-1.0,-1.0,0.0,0,9,11
538,A,3.0,9.0,-1.0,-1.0,0.0,40,5,11
539,B,0.0,0.0,-1.0,-1.0,0.0,40,5,11
540,A,0.0,0.0,-1.0,-1.0,1.0,40,5,5
541,UP,0.0,6.0,-1.0,-1.0,1.0,40,5,3
542,UP,0.0,8.0,-1.0,-1.0,1.0,40,5,3
543,B,0.0,8.0,-1.0,-1.0,1.0,40,5,3
544,RIGHT,0.0,8.0,-1.0,-1.0,1.0,40,5,3
545,A,0.0,8.0,-1.0,-1.0,1.0,40,5,3
546,RIGHT,0.0,8.0,-1.0,-1.0,1.0,40,5,3
547,DOWN,0.0,8.0,-1.0,-1.0,1.0,40,5,3
548,DOWN,0.0,8.0,-1.0,-1.0,1.0,40,5,3
549,UP,0.0,8.0,-1.0,-1.0,1.0,40,5,3
550,LEFT,0.0,8.0,-1.0,-1.0,1.0,40,5,3
551,B,0.0,8.0,-1.0,-1.0,1.0,40,5,3
552,RIGHT,0.0,8.0,-1.0,-1.0,1.0,40,5,3
553,DOWN,0.0,8.0,-1.0,-1.0,1.0,40,5,3
554,LEFT,0.0,8.0,-1.0,-1.0,1.0,40,5,3
555,LEFT,0.0,8.0,-1.0,-1.0,1.0,40,5,3
556,DOWN,0.0,8.0,-1.0,-1.0,1.0,40,5,3
557,A,0.0,8.0,-1.0,-1.0,1.0,40,5,3
558,A,0.0,8.0,-1.0,-1.0,1.0,40,5,3
559,DOWN,0.0,8.0,-1.0,-1.0,1.0,40,5,3
560,LEFT,0.0,8.0,-1.0,-1.0,1.0,40,5,3
561,B,0.0,8.0,-1.0,-1.0,1.0,40,5,3
562,RIGHT,0.0,8.0,-1.0,-1.0,1.0,40,5,3
563,UP,0.0,8.0,-1.0,-1.0,1.0,40,5,3
564,RIGHT,0.0,8.0,-1.0,-1.0,1.0,40,5,3
565,DOWN,0.0,8.0,-1.0,-1.0,1.0,40,5,3
566,LEFT,0.0,8.0,-1.0,-1.0,1.0,40,5,3
567,LEFT,0.0,8.0,-1.0,-1.0,1.0,40,5,3
568,RIGHT,0.0,8.0,-1.0,-1.0,1.0,40,5,3
569,B,0.0,8.0,-1.0,-1.0,1.0,40,5,3
570,A,0.0,8.0,-1.0,-1.0,1.0,40,5,3
571,B,0.0,8.0,-1.0,-1.0,1.0,40,5,3
572,UP,0.0,8.0,-1.0,-1.0,1.0,40,5,3
573,A,0.0,8.0,-1.0,-1.0,1.0,40,5,3
574,LEFT,0.0,8.0,-1.0,-1.0,1.0,40,5,3
575,A,0.0,8.0,-1.0,-1.0,1.0,40,5,3
576,RIGHT,0.0,8.0,-1.0,-1.0,1.0,40,5,3
577,RIGHT,0.0,8.0,-1.0,-1.0,1.0,40,5,3
578,DOWN,0.0,8.0,-1.0,-1.0,1.0,40,5,3
579,A,0.0,8.0,-1.0,-1.0,1.0,40,5,3
580,RIGHT,0.0,8.0,-1.0,-1.0,1.0,40,5,3
581,UP,0.0,8.0,-1.0,-1.0,1.0,40,5,3
582,DOWN,0.0,8.0,-1.0,-1.0,1.0,40,5,3
583,LEFT,0.0,8.0,-1.0,-1.0,1.0,40,5,3
584,A,0.0,8.0,-1.0,-1.0,1.0,40,5,3
585,LEFT,0.0,8.0,-1.0,-1.0,1.0,40,5,3
586,LEFT,0.0,8.0,-1.0,-1.0,1.0,40,5,3
587,A,0.0,8.0,-1.0,-1.0,1.0,40,5,3
588,DOWN,0.0,8.0,-1.0,-1.0,1.0,40,5,3
589,B,0.0,8.0,-1.0,-1.0,1.0,40,5,3
590,B,0.0,8.0,-1.0,-1.0,1.0,40,5,3
591,UP,0.0,8.0,-1.0,-1.0,1.0,40,5,3
592,LEFT,0.0,8.0,-1.0,-1.0,1.0,40,5,3
593,LEFT,0.0,8.0,-1.0,-1.0,1.0,40,5,3
594,LEFT,0.0,8.0,-1.0,-1.0,1.0,40,5,3
595,A,0.0,8.0,-1.0,-1.0,1.0,40,5,3
596,DOWN,0.0,8.0,-1.0,-1.0,1.0,40,5,3
597,A,0.0,8.0,-1.0,-1.0,1.0,40,5,3
598,DOWN,0.0,8.0,-1.0,-1.0,1.0,40,5,4
599,DOWN,0.0,7.0,-1.0,-1.0,1.0,40,5,5
600,UP,0.0,6.0,-1.0,-1.0,1.0,40,5,4
601,A,0.0,7.0,-1.0,-1.0,1.0,40,5,4
602,DOWN,0.0,7.0,-1.0,-1.0,1.0,40,5,5
603,LEFT,0.0,6.0,-1.0,-1.0,1.0,40,4,5
604,A,0.0,7.0,-1.0,-1.0,1.0,40,4,5
605,DOWN,0.0,7.0,-1.0,-1.0,1.0,40,4,6
606,RIGHT,0.0,6.0,-1.0,-1.0,1.0,40,4,6
607,RIGHT,0.0,6.0,-1.0,-1.0,1.0,40,4,6
608,RIGHT,0.0,6.0,-1.0,-1.0,1.0,40,4,6
609,A,0.0,6.0,-1.0,-1.0,1.0,40,4,5
610,LEFT,0.0,7.0,-1.0,-1.0,1.0,40,3,5
611,DOWN,0.0,8.0,-1.0,-1.0,1.0,40,3,5
612,DOWN,0.0,8.0,-1.0,-1.0,1.0,40,3,5
613,RIGHT,0.0,8.0,-1.0,-1.0,1.0,40,4,5
614,UP,0.0,7.0,-1.0,-1.0,1.0,40,4,4
615,LEFT,0.0,8.0,-1.0,-1.0,1.0,40,3,4
616,RIGHT,0.0,9.0,-1.0,-1.0,1.0,40,4,4
617,LEFT,0.0,8.0,-1.0,-1.0,1.0,40,3,4
618,A,0.0,9.0,-1.0,-1.0,1.0,40,3,4
619,DOWN,0.0,9.0,-1.0,-1.0,1.0,40,3,5
620,B,0.0,8.0,-1.0,-1.0,1.0,40,3,5
621,A,0.0,8.0,-1.0,-1.0,1.0,40,3,5
622,RIGHT,0.0,8.0,-1.0,-1.0,1.0,40,4,5
623,B,0.0,7.0,-1.0,-1.0,1.0,40,4,5
624,UP,0.0,7.0,-1.0,-1.0,1.0,40,4,4
625,A,0.0,8.0,-1.0,-1.0,1.0,40,4,4
626,DOWN,0.0,8.0,-1.0,-1.0,1.0,40,4,4
627,RIGHT,0.0,8.0,-1.0,-1.0,1.0,40,4,4
628,LEFT,0.0,8.0,-1.0,-1.0,1.0,40,4,4
629,RIGHT,0.0,8.0,-1.0,-1.0,1.0,40,4,4
630,RIGHT,0.0,8.0,-1.0,-1.0,1.0,40,4,4
631,LEFT,0.0,8.0,-1.0,-1.0,1.0,40,4,4
632,A,0.0,8.0,-1.0,-1.0,1.0,40,4,4
633,B,0.0,8.0,-1.0,-1.0,1.0,40,4,4
634,DOWN,0.0,8.0,-1.0,-1.0,1.0,40,4,4
635,RIGHT,0.0,8.0,-1.0,-1.0,1.0,40,4,4
636,DOWN,0.0,8.0,-1.0,-1.0,1.0,40,4,4
637,LEFT,0.0,8.0,-1.0,-1.0,1.0,40,4,4
638,DOWN,0.0,8.0,-1.0,-1.0,1.0,40,4,4
639,A,0.0,8.0,-1.0,-1.0,1.0,40,4,4
640,LEFT,0.0,8.0,-1.0,-1.0,1.0,40,3,4
641,LEFT,0.0,9.0,-1.0,-1.0,1.0,40,2,4
642,UP,0.0,10.0,-1.0,-1.0,1.0,40,2,3
643,UP,0.0,11.0,-1.0,-1.0,1.0,40,2,2
644,B,0.0,12.0,-1.0,-1.0,1.0,40,2,2
645,B,0.0,12.0,-1.0,-1.0,1.0,40,2,2
646,B,0.0,12.0,-1.0,-1.0,1.0,40,2,2
647,UP,0.0,12.0,-1.0,-1.0,1.0,40,2,2
648,RIGHT,0.0,12.0,-1.0,-1.0,1.0,40,3,2
649,LEFT,0.0,11.0,-1.0,-1.0,1.0,40,2,2
650,LEFT,0.0,12.0,-1.0,-1.0,1.0,40,1,2
651,B,0.0,13.0,-1.0,-1.0,1.0,40,1,2
652,B,0.0,13.0,-1.0,-1.0,1.0,40,1,2
653,UP,0.0,13.0,-1.0,-1.0,1.0,40,1,2
654,RIGHT,0.0,13.0,-1.0,-1.0,1.0,40,2,2
655,RIGHT,0.0,12.0,-1.0,-1.0,1.0,40,3,2
656,RIGHT,0.0,11.0,-1.0,-1.0,1.0,40,4,2
657,RIGHT,0.0,10.0,-1.0,-1.0,1.0,40,4,2
658,UP,0.0,10.0,-1.0,-1.0,1.0,40,4,1
659,A,0.0,11.0,-1.0,-1.0,1.0,40,4,1
660,DOWN,0.0,11.0,-1.0,-1.0,1.0,40,4,1
661,A,0.0,11.0,-1.0,-1.0,1.0,40,4,1
662,A,0.0,11.0,-1.0,-1.0,1.0,40,4,1
663,DOWN,0.0,11.0,-1.0,-1.0,1.0,40,4,1
664,B,0.0,11.0,-1.0,-1.0,1.0,40,4,1
665,LEFT,0.0,11.0,-1.0,-1.0,1.0,40,4,1
666,UP,0.0,11.0,-1.0,-1.0,1.0,40,4,1
667,DOWN,0.0,11.0,-1.0,-1.0,1.0,40,4,2
668,UP,0.0,10.0,-1.0,-1.0,1.0,40,4,1
669,UP,0.0,11.0,-1.0,-1.0,1.0,40,4,1
670,A,0.0,11.0,-1.0,-1.0,1.0,40,4,1
671,LEFT,0.0,11.0,-1.0,-1.0,1.0,40,4,1
672,B,0.0,11.0,-1.0,-1.0,1.0,40,4,1
673,RIGHT,0.0,11.0,-1.0,-1.0,1.0,40,5,1
674,LEFT,0.0,10.0,-1.0,-1.0,1.0,40,4,1
675,RIGHT,0.0,11.0,-1.0,-1.0,1.0,40,5,1
676,LEFT,0.0,10.0,-1.0,-1.0,1.0,40,4,1
677,UP,0.0,11.0,-1.0,-1.0,1.0,40,4,1
678,RIGHT,0.0,11.0,-1.0,-1.0,1.0,40,5,1
679,UP,0.0,10.0,-1.0,-1.0,1.0,40,5,1
680,LEFT,0.0,10.0,-1.0,-1.0,1.0,40,4,1
681,B,0.0,11.0,-1.0,-1.0,1.0,40,4,1
682,LEFT,0.0,11.0,-1.0,-1.0,1.0,40,4,1
683,UP,0.0,11.0,-1.0,-1.0,1.0,40,4,1
684,A,0.0,11.0,-1.0,-1.0,1.0,40,4,1
685,RIGHT,0.0,11.0,-1.0,-1.0,1.0,40,4,1
686,UP,0.0,11.0,-1.0,-1.0,1.0,40,4,1
687,RIGHT,0.0,11.0,-1.0,-1.0,1.0,40,4,1
688,B,0.0,11.0,-1.0,-1.0,1.0,40,4,1
689,B,0.0,11.0,-1.0,-1.0,1.0,40,4,1
690,DOWN,0.0,11.0,-1.0,-1.0,1.0,40,4,2
691,DOWN,0.0,10.0,-1.0,-1.0,1.0,40,4,2
692,DOWN,0.0,10.0,-1.0,-1.0,1.0,40,4,2
693,UP,0.0,10.0,-1.0,-1.0,1.0,40,4,1
694,B,0.0,11.0,-1.0,-1.0,1.0,40,4,1
695,LEFT,0.0,11.0,-1.0,-1.0,1.0,40,4,1
696,RIGHT,0.0,11.0,-1.0,-1.0,1.0,40,5,1
697,B,0.0,10.0,-1.0,-1.0,1.0,40,5,1
698,A,0.0,10.0,-1.0,-1.0,1.0,40,5,1
699,RIGHT,0.0,10.0,-1.0,-1.0,1.0,40,5,1
700,B,0.0,10.0,-1.0,-1.0,1.0,40,5,1
701,DOWN,0.0,10.0,-1.0,-1.0,1.0,40,5,1
702,LEFT,0.0,10.0,-1.0,-1.0,1.0,40,4,1
703,DOWN,0.0,11.0,-1.0,-1.0,1.0,40,4,2
704,B,0.0,10.0,-1.0,-1.0,1.0,40,4,2
705,B,0.0,10.0,-1.0,-1.0,1.0,40,4,2
706,UP,0.0,10.0,-1.0,-1.0,1.0,40,4,1
707,DOWN,0.0,11.0,-1.0,-1.0,1.0,40,4,2
708,UP,0.0,10.0,-1.0,-1.0,1.0,40,4,1
709,RIGHT,0.0,11.0,-1.0,-1.0,1.0,40,5,1
710,DOWN,0.0,10.0,-1.0,-1.0,1.0,40,5,1
711,A,0.0,10.0,-1.0,-1.0,1.0,40,5,1
712,A,0.0,10.0,-1.0,-1.0,1.0,40,5,1
713,RIGHT,0.0,10.0,-1.0,-1.0,1.0,40,5,1
714,LEFT,0.0,10.0,-1.0,-1.0,1.0,40,5,1
715,RIGHT,0.0,10.0,-1.0,-1.0,1.0,40,5,1
716,B,0.0,10.0,-1.0,-1.0,1.0,40,5,1
717,UP,0.0,10.0,-1.0,-1.0,1.0,40,5,1
718,RIGHT,0.0,10.0,-1.0,-1.0,1.0,40,5,1
719,UP,0.0,10.0,-1.0,-1.0,1.0,40,5,1
720,UP,0.0,10.0,-1.0,-1.0,1.0,40,5,1
721,LEFT,0.0,10.0,-1.0,-1.0,1.0,40,4,1
722,DOWN,0.0,11.0,-1.0,-1.0,1.0,40,4,2
723,B,0.0,10.0,-1.0,-1.0,1.0,40,4,2
724,RIGHT,0.0,10.0,-1.0,-1.0,1.0,40,4,2
725,A,0.0,10.0,-1.0,-1.0,1.0,40,4,2
726,UP,0.0,10.0,-1.0,-1.0,1.0,40,4,2
727,LEFT,0.0,10.0,-1.0,-1.0,1.0,40,4,2
728,RIGHT,0.0,10.0,-1.0,-1.0,1.0,40,4,2
729,LEFT,0.0,10.0,-1.0,-1.0,1.0,40,4,2
730,A,0.0,10.0,-1.0,-1.0,1.0,40,4,2
731,UP,0.0,10.0,-1.0,-1.0,1.0,40,4,2
732,B,0.0,10.0,-1.0,-1.0,1.0,40,4,2
733,A,0.0,10.0,-1.0,-1.0,1.0,40,4,2
734,RIGHT,0.0,10.0,-1.0,-1.0,1.0,40,4,2
735,A,0.0,10.0,-1.0,-1.0,1.0,40,4,2
736,RIGHT,0.0,10.0,-1.0,-1.0,1.0,40,4,2
737,DOWN,0.0,10.0,-1.0,-1.0,1.0,40,4,2
738,RIGHT,0.0,10.0,-1.0,-1.0,1.0,40,4,2
739,RIGHT,0.0,10.0,-1.0,-1.0,1.0,40,4,2
740,A,0.0,10.0,-1.0,-1.0,1.0,40,4,2
741,B,0.0,10.0,-1.0,-1.0,1.0,40,4,2
742,B,0.0,10.0,-1.0,-1.0,1.0,40,4,2
743,UP,0.0,10.0,-1.0,-1.0,1.0,40,4,1
744,DOWN,0.0,11.0,-1.0,-1.0,1.0,40,4,2
745,B,0.0,10.0,-1.0,-1.0,1.0,40,4,2
746,RIGHT,0.0,10.0,-1.0,-1.0,1.0,40,4,2
747,B,0.0,10.0,-1.0,-1.0,1.0,40,4,2
748,LEFT,0.0,10.0,-1.0,-1.0,1.0,40,3,2
749,LEFT,0.0,11.0,-1.0,-1.0,1.0,40,2,2
750,A,0.0,12.0,-1.0,-1.0,1.0,40,2,2
751,A,0.0,12.0,-1.0,-1.0,1.0,40,2,2
752,LEFT,0.0,12.0,-1.0,-1.0,1.0,40,1,2
753,UP,0.0,13.0,-1.0,-1.0,1.0,40,1,2
754,LEFT,0.0,13.0,-1.0,-1.0,1.0,40,0,2
755,DOWN,0.0,14.0,-1.0,-1.0,1.0,40,0,3
756,A,0.0,13.0,-1.0,-1.0,1.0,40,0,3
757,DOWN,0.0,13.0,-1.0,-1.0,1.0,40,0,4
758,RIGHT,0.0,12.0,-1.0,-1.0,1.0,40,1,4
759,A,0.0,11.0,-1.0,-1.0,1.0,40,1,4
760,A,0.0,11.0,-1.0,-1.0,1.0,40,1,4
761,A,0.0,11.0,-1.0,-1.0,1.0,40,1,4
762,A,0.0,11.0,-1.0,-1.0,1.0,40,1,4
763,LEFT,0.0,11.0,-1.0,-1.0,1.0,40,0,4
764,UP,0.0,12.0,-1.0,-1.0,1.0,40,0,3
765,A,0.0,13.0,-1.0,-1.0,1.0,40,0,3
766,A,0.0,13.0,-1.0,-1.0,1.0,40,0,3
767,B,0.0,13.0,-1.0,-1.0,1.0,40,0,3
768,UP,0.0,13.0,-1.0,-1.0,1.0,40,0,2
769,UP,0.0,14.0,-1.0,-1.0,1.0,40,0,2
770,A,0.0,14.0,-1.0,-1.0,1.0,40,0,2
771,A,0.0,14.0,-1.0,-1.0,1.0,40,0,2
772,UP,0.0,14.0,-1.0,-1.0,1.0,40,0,2
773,LEFT,0.0,14.0,-1.0,-1.0,1.0,40,0,2
774,LEFT,0.0,14.0,-1.0,-1.0,1.0,40,0,2
775,RIGHT,0.0,14.0,-1.0,-1.0,1.0,40,0,2
776,B,0.0,14.0,-1.0,-1.0,1.0,40,0,2
777,LEFT,0.0,14.0,-1.0,-1.0,1.0,40,0,2
778,UP,0.0,14.0,-1.0,-1.0,1.0,40,0,2
779,B,0.0,14.0,-1.0,-1.0,1.0,40,0,2
780,DOWN,0.0,14.0,-1.0,-1.0,1.0,40,0,2
781,RIGHT,0.0,14.0,-1.0,-1.0,1.0,40,0,2
782,B,0.0,14.0,-1.0,-1.0,1.0,40,0,2
783,B,0.0,14.0,-1.0,-1.0,1.0,40,0,2
784,A,0.0,14.0,-1.0,-1.0,1.0,40,0,2
785,A,0.0,14.0,-1.0,-1.0,1.0,40,0,2
786,DOWN,0.0,14.0,-1.0,-1.0,1.0,40,0,2
787,UP,0.0,14.0,-1.0,-1.0,1.0,40,0,2
788,B,0.0,14.0,-1.0,-1.0,1.0,40,0,2
789,A,0.0,14.0,-1.0,-1.0,1.0,40,0,2
790,UP,0.0,14.0,-1.0,-1.0,1.0,40,0,2
791,RIGHT,0.0,14.0,-1.0,-1.0,1.0,40,0,2
792,A,0.0,14.0,-1.0,-1.0,1.0,40,0,2
793,LEFT,0.0,14.0,-1.0,-1.0,1.0,40,0,2
794,DOWN,0.0,14.0,-1.0,-1.0,1.0,40,0,2
795,RIGHT,0.0,14.0,-1.0,-1.0,1.0,40,0,2
796,A,0.0,14.0,-1.0,-1.0,1.0,40,0,2
797,DOWN,0.0,14.0,-1.0,-1.0,1.0,40,0,2
798,LEFT,0.0,14.0,-1.0,-1.0,1.0,40,0,2
799,B,0.0,14.0,-1.0,-1.0,1.0,40,0,2
800,A,0.0,14.0,-1.0,-1.0,1.0,40,0,2
801,A,0.0,14.0,-1.0,-1.0,1.0,40,0,2
802,DOWN,0.0,14.0,-1.0,-1.0,1.0,40,0,2
803,DOWN,0.0,14.0,-1.0,-1.0,1.0,40,0,2
804,B,0.0,14.0,-1.0,-1.0,1.0,40,0,2
805,B,0.0,14.0,-1.0,-1.0,1.0,40,0,2
806,LEFT,0.0,14.0,-1.0,-1.0,1.0,40,0,2
807,UP,0.0,14.0,-1.0,-1.0,1.0,40,0,2
808,B,0.0,14.0,-1.0,-1.0,1.0,40,0,2
809,LEFT,0.0,14.0,-1.0,-1.0,1.0,40,0,2
810,RIGHT,0.0,14.0,-1.0,-1.0,1.0,40,0,2
811,LEFT,0.0,14.0,-1.0,-1.0,1.0,40,0,2
812,UP,0.0,14.0,-1.0,-1.0,1.0,40,0,2
813,LEFT,0.0,14.0,-1.0,-1.0,1.0,40,0,2
814,B,0.0,14.0,-1.0,-1.0,1.0,40,0,2
815,A,0.0,14.0,-1.0,-1.0,1.0,40,0,2
816,RIGHT,0.0,14.0,-1.0,-1.0,1.0,40,0,2
817,A,0.0,14.0,-1.0,-1.0,1.0,40,0,2
818,UP,0.0,14.0,-1.0,-1.0,1.0,40,0,2
819,LEFT,0.0,14.0,-1.0,-1.0,1.0,40,0,2
820,A,0.0,14.0,-1.0,-1.0,1.0,40,0,2
821,A,0.0,14.0,-1.0,-1.0,1.0,40,0,2
822,B,0.0,14.0,-1.0,-1.0,1.0,40,0,2
823,RIGHT,0.0,14.0,-1.0,-1.0,1.0,40,0,2
824,LEFT,0.0,14.0,-1.0,-1.0,1.0,40,0,2
825,B,0.0,14.0,-1.0,-1.0,1.0,40,0,2
826,B,0.0,14.0,-1.0,-1.0,1.0,40,0,2
827,UP,0.0,14.0,-1.0,-1.0,1.0,40,0,2
828,B,0.0,14.0,-1.0,-1.0,1.0,40,0,2
829,RIGHT,0.0,14.0,-1.0,-1.0,1.0,40,1,2
830,A,0.0,13.0,-1.0,-1.0,1.0,40,1,2
831,DOWN,0.0,13.0,-1.0,-1.0,1.0,40,1,3
832,UP,0.0,12.0,-1.0,-1.0,1.0,40,1,2
833,UP,0.0,13.0,-1.0,-1.0,1.0,40,1,2
834,B,0.0,13.0,-1.0,-1.0,1.0,40,1,2
835,UP,0.0,13.0,-1.0,-1.0,1.0,40,1,2
836,UP,0.0,13.0,-1.0,-1.0,1.0,40,1,2
837,A,0.0,13.0,-1.0,-1.0,1.0,40,1,2
838,RIGHT,0.0,13.0,-1.0,-1.0,1.0,40,1,2
839,B,0.0,13.0,-1.0,-1.0,1.0,40,1,2
840,DOWN,0.0,13.0,-1.0,-1.0,1.0,40,1,2
841,RIGHT,0.0,13.0,-1.0,-1.0,1.0,40,1,2
842,LEFT,0.0,13.0,-1.0,-1.0,1.0,40,1,2
843,B,0.0,13.0,-1.0,-1.0,1.0,40,1,2
844,UP,0.0,13.0,-1.0,-1.0,1.0,40,1,2
845,DOWN,0.0,13.0,-1.0,-1.0,1.0,40,1,2
846,LEFT,0.0,13.0,-1.0,-1.0,1.0,40,1,2
847,UP,0.0,13.0,-1.0,-1.0,1.0,40,1,2
848,B,0.0,13.0,-1.0,-1.0,1.0,40,1,2
849,DOWN,0.0,13.0,-1.0,-1.0,1.0,40,1,2
850,RIGHT,0.0,13.0,-1.0,-1.0,1.0,40,1,2
851,A,0.0,13.0,-1.0,-1.0,1.0,40,1,2
852,B,0.0,13.0,-1.0,-1.0,1.0,40,1,2
853,LEFT,0.0,13.0,-1.0,-1.0,1.0,40,1,2
854,UP,0.0,13.0,-1.0,-1.0,1.0,40,1,2
855,UP,0.0,13.0,-1.0,-1.0,1.0,40,1,2
856,B,0.0,13.0,-1.0,-1.0,1.0,40,1,2
857,B,0.0,13.0,-1.0,-1.0,1.0,40,1,2
858,RIGHT,0.0,13.0,-1.0,-1.0,1.0,40,1,2
859,RIGHT,0.0,13.0,-1.0,-1.0,1.0,40,1,2
860,UP,0.0,13.0,-1.0,-1.0,1.0,40,1,2
861,UP,0.0,13.0,-1.0,-1.0,1.0,40,1,2
862,RIGHT,0.0,13.0,-1.0,-1.0,1.0,40,1,2
863,DOWN,0.0,13.0,-1.0,-1.0,1.0,40,1,2
864,A,0.0,13.0,-1.0,-1.0,1.0,40,1,2
865,RIGHT,0.0,13.0,-1.0,-1.0,1.0,40,1,2
866,LEFT,0.0,13.0,-1.0,-1.0,1.0,40,1,2
867,UP,0.0,13.0,-1.0,-1.0,1.0,40,1,2
868,LEFT,0.0,13.0,-1.0,-1.0,1.0,40,1,2
869,A,0.0,13.0,-1.0,-1.0,1.0,40,1,2
870,RIGHT,0.0,13.0,-1.0,-1.0,1.0,40,1,2
871,RIGHT,0.0,13.0,-1.0,-1.0,1.0,40,1,2
872,RIGHT,0.0,13.0,-1.0,-1.0,1.0,40,1,2
873,RIGHT,0.0,13.0,-1.0,-1.0,1.0,40,1,2
874,DOWN,0.0,13.0,-1.0,-1.0,1.0,40,1,2
875,UP,0.0,13.0,-1.0,-1.0,1.0,40,1,2
876,A,0.0,13.0,-1.0,-1.0,1.0,40,1,2
877,RIGHT,0.0,13.0,-1.0,-1.0,1.0,40,1,2
878,A,0.0,13.0,-1.0,-1.0,1.0,40,1,2
879,UP,0.0,13.0,-1.0,-1.0,1.0,40,1,2
880,UP,0.0,13.0,-1.0,-1.0,1.0,40,1,2
881,UP,0.0,13.0,-1.0,-1.0,1.0,40,1,2
882,RIGHT,0.0,13.0,-1.0,-1.0,1.0,40,1,2
883,B,0.0,13.0,-1.0,-1.0,1.0,40,1,2
884,B,0.0,13.0,-1.0,-1.0,1.0,40,1,2
885,RIGHT,0.0,13.0,-1.0,-1.0,1.0,40,2,2
886,RIGHT,0.0,12.0,-1.0,-1.0,1.0,40,3,2
887,DOWN,0.0,11.0,-1.0,-1.0,1.0,40,3,3
888,A,0.0,10.0,-1.0,-1.0,1.0,40,3,3
889,RIGHT,0.0,10.0,-1.0,-1.0,1.0,40,3,3
890,LEFT,0.0,10.0,-1.0,-1.0,1.0,40,2,3
891,B,0.0,11.0,-1.0,-1.0,1.0,40,2,3
892,A,0.0,11.0,-1.0,-1.0,1.0,40,2,3
893,UP,0.0,11.0,-1.0,-1.0,1.0,40,2,2
894,DOWN,0.0,12.0,-1.0,-1.0,1.0,40,2,3
895,B,0.0,11.0,-1.0,-1.0,1.0,40,2,3
896,LEFT,0.0,11.0,-1.0,-1.0,1.0,40,1,3
897,B,0.0,12.0,-1.0,-1.0,1.0,40,1,3
898,RIGHT,0.0,12.0,-1.0,-1.0,1.0,40,2,3
899,RIGHT,0.0,11.0,-1.0,-1.0,1.0,40,3,3
900,B,0.0,10.0,-1.0,-1.0,1.0,40,3,3
901,B,0.0,10.0,-1.0,-1.0,1.0,40,3,3
902,B,0.0,10.0,-1.0,-1.0,1.0,40,3,3
903,B,0.0,10.0,-1.0,-1.0,1.0,40,3,3
904,B,0.0,10.0,-1.0,-1.0,1.0,40,3,3
905,RIGHT,0.0,10.0,-1.0,-1.0,1.0,40,3,3
906,RIGHT,0.0,10.0,-1.0,-1.0,1.0,40,3,3
907,LEFT,0.0,10.0,-1.0,-1.0,1.0,40,2,3
908,DOWN,0.0,11.0,-1.0,-1.0,1.0,40,2,4
909,UP,0.0,10.0,-1.0,-1.0,1.0,40,2,3
910,LEFT,0.0,11.0,-1.0,-1.0,1.0,40,1,3
911,B,0.0,12.0,-1.0,-1.0,1.0,40,1,3
912,DOWN,0.0,12.0,-1.0,-1.0,1.0,40,1,4
913,DOWN,0.0,11.0,-1.0,-1.0,1.0,40,1,5
914,LEFT,0.0,10.0,-1.0,-1.0,1.0,40,0,5
915,RIGHT,0.0,11.0,-1.0,-1.0,1.0,40,1,5
916,LEFT,0.0,10.0,-1.0,-1.0,1.0,40,0,5
917,A,0.0,11.0,-1.0,-1.0,1.0,40,0,5
918,B,0.0,11.0,-1.0,-1.0,1.0,40,0,5
919,RIGHT,0.0,11.0,-1.0,-1.0,1.0,40,1,5
920,B,0.0,10.0,-1.0,-1.0,1.0,40,1,5
921,UP,0.0,10.0,-1.0,-1.0,1.0,40,1,4
922,B,0.0,11.0,-1.0,-1.0,1.0,40,1,4
923,LEFT,0.0,11.0,-1.0,-1.0,1.0,40,0,4
924,B,0.0,12.0,-1.0,-1.0,1.0,40,0,4
925,A,0.0,12.0,-1.0,-1.0,1.0,40,0,4
926,DOWN,0.0,12.0,-1.0,-1.0,1.0,40,0,5
927,DOWN,0.0,11.0,-1.0,-1.0,1.0,40,0,5
928,LEFT,0.0,11.0,-1.0,-1.0,1.0,40,0,5
929,DOWN,0.0,11.0,-1.0,-1.0,1.0,40,0,5
930,LEFT,0.0,11.0,-1.0,-1.0,1.0,40,0,5
931,UP,0.0,11.0,-1.0,-1.0,1.0,40,0,4
932,A,0.0,12.0,-1.0,-1.0,1.0,40,0,4
933,B,0.0,12.0,-1.0,-1.0,1.0,40,0,4
934,DOWN,0.0,12.0,-1.0,-1.0,1.0,40,0,5
935,A,0.0,11.0,-1.0,-1.0,1.0,40,0,5
936,RIGHT,0.0,11.0,-1.0,-1.0,1.0,40,1,5
937,B,0.0,10.0,-1.0,-1.0,1.0,40,1,5
938,DOWN,0.0,10.0,-1.0,-1.0,1.0,40,1,5
939,B,0.0,10.0,-1.0,-1.0,1.0,40,1,5
940,RIGHT,0.0,10.0,-1.0,-1.0,1.0,40,2,5
941,DOWN,0.0,9.0,-1.0,-1.0,1.0,40,2,5
942,LEFT,0.0,9.0,-1.0,-1.0,1.0,40,1,5
943,B,0.0,10.0,-1.0,-1.0,1.0,40,1,5
944,B,0.0,10.0,-1.0,-1.0,1.0,40,1,5
945,B,0.0,10.0,-1.0,-1.0,1.0,40,1,5
946,DOWN,0.0,10.0,-1.0,-1.0,1.0,40,1,5
947,B,0.0,10.0,-1.0,-1.0,1.0,40,1,5
948,A,0.0,10.0,-1.0,-1.0,1.0,40,1,5
949,DOWN,0.0,10.0,-1.0,-1.0,1.0,40,1,5
950,LEFT,0.0,10.0,-1.0,-1.0,1.0,40,0,5
951,RIGHT,0.0,11.0,-1.0,-1.0,1.0,40,1,5
952,DOWN,0.0,10.0,-1.0,-1.0,1.0,40,1,5
953,UP,0.0,10.0,-1.0,-1.0,1.0,40,1,4
954,DOWN,0.0,11.0,-1.0,-1.0,1.0,40,1,5
955,RIGHT,0.0,10.0,-1.0,-1.0,1.0,40,2,5
956,A,0.0,9.0,-1.0,-1.0,1.0,40,2,5
957,RIGHT,0.0,9.0,-1.0,-1.0,1.0,40,3,5
958,DOWN,0.0,8.0,-1.0,-1.0,1.0,40,3,5
959,DOWN,0.0,8.0,-1.0,-1.0,1.0,40,3,5
960,A,0.0,8.0,-1.0,-1.0,1.0,40,3,5
961,UP,0.0,8.0,-1.0,-1.0,1.0,40,3,4
962,DOWN,0.0,9.0,-1.0,-1.0,1.0,40,3,5
963,B,0.0,8.0,-1.0,-1.0,1.0,40,3,5
964,A,0.0,8.0,-1.0,-1.0,1.0,40,3,5
965,LEFT,0.0,8.0,-1.0,-1.0,1.0,40,2,5
966,A,0.0,9.0,-1.0,-1.0,1.0,40,2,5
967,UP,0.0,9.0,-1.0,-1.0,1.0,40,2,4
968,UP,0.0,10.0,-1.0,-1.0,1.0,40,2,3
969,RIGHT,0.0,11.0,-1.0,-1.0,1.0,40,3,3
970,B,0.0,10.0,-1.0,-1.0,1.0,40,3,3
971,DOWN,0.0,10.0,-1.0,-1.0,1.0,40,3,4
972,DOWN,0.0,9.0,-1.0,-1.0,1.0,40,3,5
973,RIGHT,0.0,8.0,-1.0,-1.0,1.0,40,4,5
974,B,0.0,7.0,-1.0,-1.0,1.0,40,4,5
975,A,0.0,7.0,-1.0,-1.0,1.0,40,4,5
976,UP,0.0,7.0,-1.0,-1.0,1.0,40,4,4
977,RIGHT,0.0,8.0,-1.0,-1.0,1.0,40,5,4
978,DOWN,0.0,7.0,-1.0,-1.0,1.0,40,5,5
979,B,0.0,6.0,-1.0,-1.0,1.0,40,5,5
980,UP,0.0,6.0,-1.0,-1.0,1.0,40,5,4
981,RIGHT,0.0,7.0,-1.0,-1.0,1.0,40,6,4
982,B,0.0,8.0,-1.0,-1.0,1.0,40,6,4
983,B,0.0,8.0,-1.0,-1.0,1.0,40,6,4
984,DOWN,0.0,8.0,-1.0,-1.0,1.0,40,6,5
985,A,0.0,7.0,-1.0,-1.0,1.0,40,6,5
986,LEFT,0.0,7.0,-1.0,-1.0,1.0,40,5,5
987,RIGHT,0.0,6.0,-1.0,-1.0,1.0,40,6,5
988,A,0.0,7.0,-1.0,-1.0,1.0,40,6,5
989,RIGHT,0.0,7.0,-1.0,-1.0,1.0,40,7,5
990,DOWN,0.0,8.0,-1.0,-1.0,1.0,40,7,5
991,UP,0.0,8.0,-1.0,-1.0,1.0,40,7,4
992,LEFT,0.0,9.0,-1.0,-1.0,1.0,40,6,4
993,LEFT,0.0,8.0,-1.0,-1.0,1.0,40,5,4
994,RIGHT,0.0,7.0,-1.0,-1.0,1.0,40,6,4
995,UP,0.0,8.0,-1.0,-1.0,1.0,40,6,4
996,UP,0.0,8.0,-1.0,-1.0,1.0,40,6,4
997,UP,0.0,8.0,-1.0,-1.0,1.0,40,6,4
998,DOWN,0.0,8.0,-1.0,-1.0,1.0,40,6,5
999,B,0.0,7.0,-1.0,-1.0,1.0,40,6,5
1000,A,0.0,7.0,-1.0,-1.0,1.0,40,6,5
1001,B,0.0,7.0,-1.0,-1.0,1.0,40,6,5
1002,RIGHT,0.0,7.0,-1.0,-1.0,1.0,40,7,5
1003,B,0.0,8.0,-1.0,-1.0,1.0,40,7,5
1004,LEFT,0.0,8.0,-1.0,-1.0,1.0,40,6,5
1005,RIGHT,0.0,7.0,-1.0,-1.0,1.0,40,7,5
1006,RIGHT,0.0,8.0,-1.0,-1.0,1.0,40,8,5
1007,RIGHT,0.0,9.0,-1.0,-1.0,1.0,40,9,5
1008,LEFT,0.0,10.0,-1.0,-1.0,1.0,40,8,5
1009,DOWN,0.0,9.0,-1.0,-1.0,1.0,40,8,5
1010,B,0.0,9.0,-1.0,-1.0,1.0,40,8,5
1011,A,0.0,9.0,-1.0,-1.0,1.0,40,8,5
1012,A,0.0,9.0,-1.0,-1.0,1.0,40,8,5
1013,DOWN,0.0,9.0,-1.0,-1.0,1.0,40,8,5
1014,UP,0.0,9.0,-1.0,-1.0,1.0,40,8,4
1015,RIGHT,0.0,10.0,-1.0,-1.0,1.0,40,9,4
1016,RIGHT,0.0,11.0,-1.0,-1.0,1.0,40,9,4
1017,B,0.0,11.0,-1.0,-1.0,1.0,40,9,4
1018,UP,0.0,11.0,-1.0,-1.0,1.0,40,9,3
1019,DOWN,0.0,12.0,-1.0,-1.0,1.0,40,9,4
1020,UP,0.0,11.0,-1.0,-1.0,1.0,40,9,3
1021,LEFT,0.0,12.0,-1.0,-1.0,1.0,40,9,3
1022,DOWN,0.0,12.0,-1.0,-1.0,1.0,40,9,4
1023,LEFT,0.0,11.0,-1.0,-1.0,1.0,40,8,4
1024,LEFT,0.0,10.0,-1.0,-1.0,1.0,40,7,4
1025,RIGHT,0.0,9.0,-1.0,-1.0,1.0,40,8,4
1026,A,0.0,10.0,-1.0,-1.0,1.0,40,8,4
1027,RIGHT,0.0,10.0,-1.0,-1.0,1.0,40,9,4
1028,RIGHT,0.0,11.0,-1.0,-1.0,1.0,40,9,4
1029,A,0.0,11.0,-1.0,-1.0,1.0,40,9,4
1030,A,0.0,11.0,-1.0,-1.0,1.0,40,9,4
1031,DOWN,0.0,11.0,-1.0,-1.0,1.0,40,9,5
1032,A,0.0,10.0,-1.0,-1.0,1.0,40,9,5
1033,LEFT,0.0,10.0,-1.0,-1.0,1.0,40,8,5
1034,B,0.0,9.0,-1.0,-1.0,1.0,40,8,5
1035,LEFT,0.0,9.0,-1.0,-1.0,1.0,40,7,5
1036,DOWN,0.0,8.0,-1.0,-1.0,1.0,40,7,5
1037,UP,0.0,8.0,-1.0,-1.0,1.0,40,7,4
1038,A,0.0,9.0,-1.0,-1.0,1.0,40,7,4
1039,B,0.0,9.0,-1.0,-1.0,1.0,40,7,4
1040,A,0.0,9.0,-1.0,-1.0,1.0,40,7,4
1041,A,0.0,9.0,-1.0,-1.0,1.0,40,7,4
1042,B,0.0,9.0,-1.0,-1.0,1.0,40,7,4
1043,A,0.0,9.0,-1.0,-1.0,1.0,40,7,4
1044,B,0.0,9.0,-1.0,-1.0,1.0,40,7,4
1045,UP,0.0,9.0,-1.0,-1.0,1.0,40,7,4
1046,UP,0.0,9.0,-1.0,-1.0,1.0,40,7,4
1047,UP,0.0,9.0,-1.0,-1.0,1.0,40,7,4
1048,A,0.0,9.0,-1.0,-1.0,1.0,40,7,4
1049,UP,0.0,9.0,-1.0,-1.0,1.0,40,7,4
1050,RIGHT,0.0,9.0,-1.0,-1.0,1.0,40,7,4
1051,RIGHT,0.0,9.0,-1.0,-1.0,1.0,40,7,4
1052,A,0.0,9.0,-1.0,-1.0,1.0,40,7,4
1053,LEFT,0.0,9.0,-1.0,-1.0,1.0,40,7,4
1054,A,0.0,9.0,-1.0,-1.0,1.0,40,7,4
1055,B,0.0,9.0,-1.0,-1.0,0.0,40,7,4
1056,B,10.0,9.0,-1.0,-1.0,0.0,40,7,4
1057,LEFT,0.0,9.0,-1.0,-1.0,0.0,40,7,4
1058,B,0.0,9.0,0.0,1.0,0.0,40,7,4
1059,RIGHT,0.0,9.0,0.0,1.0,0.0,40,7,4
1060,B,0.0,9.0,0.0,1.0,0.0,40,7,4
1061,UP,0.0,9.0,0.0,1.0,0.0,40,7,4
1062,A,0.0,9.0,0.0,1.0,0.0,40,7,4
1063,UP,0.0,9.0,0.0,1.0,0.0,40,7,4
1064,LEFT,0.0,9.0,0.0,1.0,0.0,40,7,4
1065,B,0.0,9.0,0.0,1.0,0.0,40,7,4
1066,RIGHT,0.0,9.0,0.0,1.0,0.0,40,7,4
1067,A,0.0,9.0,0.0,1.0,0.0,40,7,4
1068,B,0.0,9.0,0.0,1.0,0.0,40,7,4
1069,A,0.0,9.0,0.0,1.0,0.0,40,7,4
1070,UP,0.0,9.0,0.0,1.0,0.0,40,7,4
1071,UP,0.0,9.0,0.0,1.0,0.0,40,7,4
1072,DOWN,0.0,9.0,0.0,1.0,0.0,40,7,5
1073,DOWN,0.0,8.0,1.0,1.0,0.0,40,7,5
1074,LEFT,0.0,8.0,1.0,1.0,0.0,40,6,5
1075,B,0.0,7.0,2.0,1.0,0.0,40,6,5
1076,B,0.0,7.0,2.0,1.0,0.0,40,6,5
1077,LEFT,0.0,7.0,2.0,1.0,0.0,40,5,5
1078,A,0.0,6.0,3.0,1.0,0.0,40,5,5
1079,DOWN,0.0,6.0,3.0,1.0,0.0,40,5,6
1080,DOWN,0.0,5.0,4.0,1.0,0.0,40,5,6
1081,RIGHT,0.0,5.0,4.0,1.0,0.0,40,5,6
1082,DOWN,0.0,5.0,4.0,1.0,0.0,40,5,6
1083,LEFT,0.0,5.0,4.0,1.0,0.0,40,5,6
1084,UP,0.0,5.0,4.0,1.0,0.0,40,5,6
1085,RIGHT,0.0,5.0,4.0,1.0,0.0,40,5,6
1086,DOWN,0.0,5.0,4.0,1.0,0.0,40,5,6
1087,RIGHT,0.0,5.0,4.0,1.0,0.0,40,5,6
1088,RIGHT,0.0,5.0,4.0,1.0,0.0,40,5,6
1089,DOWN,0.0,5.0,4.0,1.0,0.0,40,5,6
1090,A,0.0,5.0,4.0,1.0,0.0,40,5,6
1091,A,0.0,5.0,4.0,1.0,0.0,40,5,6
1092,DOWN,0.0,5.0,4.0,1.0,0.0,40,5,6
1093,DOWN,0.0,5.0,4.0,1.0,0.0,40,5,6
1094,UP,0.0,5.0,4.0,1.0,0.0,40,5,6
1095,RIGHT,0.0,5.0,4.0,1.0,0.0,40,5,6
1096,DOWN,0.0,5.0,4.0,1.0,0.0,40,5,6
1097,DOWN,0.0,5.0,4.0,1.0,0.0,40,5,6
1098,A,0.0,5.0,4.0,1.0,0.0,40,5,6
1099,UP,0.0,5.0,4.0,1.0,0.0,40,5,6
1100,RIGHT,0.0,5.0,4.0,1.0,0.0,40,5,6
1101,LEFT,0.0,5.0,4.0,1.0,0.0,40,5,6
1102,UP,0.0,5.0,4.0,1.0,0.0,40,5,6
1103,DOWN,0.0,5.0,4.0,1.0,0.0,40,5,6
1104,A,0.0,5.0,4.0,1.0,0.0,40,5,6
1105,RIGHT,0.0,5.0,4.0,1.0,0.0,40,5,6
1106,DOWN,0.0,5.0,4.0,1.0,0.0,40,5,6
1107,LEFT,0.0,5.0,4.0,1.0,0.0,40,5,6
1108,A,0.0,5.0,4.0,1.0,0.0,40,5,6
1109,LEFT,0.0,5.0,4.0,1.0,0.0,40,5,6
1110,RIGHT,0.0,5.0,4.0,1.0,0.0,40,5,6
1111,B,0.0,5.0,4.0,1.0,0.0,40,5,6
1112,LEFT,0.0,5.0,4.0,1.0,0.0,40,5,6
1113,DOWN,0.0,5.0,4.0,1.0,0.0,40,5,6
1114,A,0.0,5.0,4.0,1.0,0.0,40,5,6
1115,DOWN,0.0,5.0,4.0,1.0,0.0,40,5,6
1116,UP,0.0,5.0,4.0,1.0,0.0,40,5,6
1117,RIGHT,0.0,5.0,4.0,1.0,0.0,40,5,6
1118,UP,0.0,5.0,4.0,1.0,0.0,40,5,6
1119,A,0.0,5.0,4.0,1.0,0.0,40,5,6
1120,RIGHT,0.0,5.0,4.0,1.0,0.0,40,5,6
1121,RIGHT,0.0,5.0,4.0,1.0,0.0,40,5,6
1122,UP,0.0,5.0,4.0,1.0,0.0,40,5,6
1123,RIGHT,0.0,5.0,4.0,1.0,0.0,40,5,6
1124,B,0.0,5.0,4.0,1.0,0.0,40,5,6
1125,UP,0.0,5.0,4.0,1.0,0.0,40,5,6
1126,DOWN,0.0,5.0,4.0,1.0,0.0,40,5,6
1127,A,0.0,5.0,4.0,1.0,0.0,40,5,6
1128,LEFT,0.0,5.0,4.0,1.0,0.0,40,5,6
1129,RIGHT,0.0,5.0,4.0,1.0,0.0,40,5,6
1130,RIGHT,0.0,5.0,4.0,1.0,0.0,40,5,6
1131,A,0.0,5.0,4.0,1.0,0.0,40,5,6
1132,UP,0.0,5.0,4.0,1.0,0.0,40,5,6
1133,DOWN,0.0,5.0,4.0,1.0,0.0,40,5,6
1134,LEFT,0.0,5.0,4.0,1.0,0.0,40,5,6
1135,DOWN,0.0,5.0,4.0,1.0,0.0,40,5,6
1136,UP,0.0,5.0,4.0,1.0,0.0,40,5,6
1137,UP,0.0,5.0,4.0,1.0,0.0,40,5,6
1138,UP,0.0,5.0,4.0,1.0,0.0,40,5,6
1139,A,0.0,5.0,4.0,1.0,0.0,40,5,6
1140,B,0.0,5.0,4.0,1.0,0.0,40,5,6
1141,LEFT,0.0,5.0,4.0,1.0,0.0,40,5,6
1142,LEFT,0.0,5.0,4.0,1.0,0.0,40,5,6
1143,DOWN,0.0,5.0,4.0,1.0,0.0,40,5,6
1144,DOWN,0.0,5.0,4.0,1.0,0.0,40,5,6
1145,DOWN,0.0,5.0,4.0,1.0,0.0,40,5,6
1146,DOWN,0.0,5.0,4.0,1.0,0.0,40,5,6
1147,A,0.0,5.0,4.0,1.0,0.0,40,5,6
1148,B,0.0,5.0,4.0,1.0,0.0,40,5,6
1149,LEFT,0.0,5.0,4.0,1.0,0.0,40,5,6
1150,UP,0.0,5.0,4.0,1.0,0.0,40,5,6
1151,RIGHT,0.0,5.0,4.0,1.0,0.0,40,5,6
1152,RIGHT,0.0,5.0,4.0,1.0,0.0,40,5,6
1153,A,0.0,5.0,4.0,1.0,0.0,40,5,6
1154,UP,0.0,5.0,4.0,1.0,0.0,40,5,6
1155,RIGHT,0.0,5.0,4.0,1.0,0.0,40,5,6
1156,RIGHT,0.0,5.0,4.0,1.0,0.0,40,5,6
1157,A,0.0,5.0,4.0,1.0,0.0,40,5,6
1158,B,0.0,5.0,4.0,1.0,0.0,40,5,6
1159,RIGHT,0.0,5.0,4.0,1.0,0.0,40,5,6
1160,B,0.0,5.0,4.0,1.0,0.0,40,5,6
1161,RIGHT,0.0,5.0,4.0,1.0,0.0,40,5,6
1162,B,0.0,5.0,4.0,1.0,0.0,40,5,6
1163,RIGHT,0.0,5.0,4.0,1.0,0.0,40,5,6
1164,B,0.0,5.0,4.0,1.0,0.0,40,5,6
1165,B,0.0,5.0,4.0,1.0,0.0,40,5,6
1166,LEFT,0.0,5.0,4.0,1.0,0.0,40,5,6
1167,A,0.0,5.0,4.0,1.0,0.0,40,5,6
1168,B,0.0,5.0,4.0,1.0,0.0,40,5,6
1169,B,0.0,5.0,4.0,1.0,0.0,40,5,6
1170,DOWN,0.0,5.0,4.0,1.0,0.0,40,5,6
1171,RIGHT,0.0,5.0,4.0,1.0,0.0,40,5,6
1172,DOWN,0.0,5.0,4.0,1.0,0.0,40,5,6
1173,B,0.0,5.0,4.0,1.0,0.0,40,5,6
1174,UP,0.0,5.0,4.0,1.0,0.0,40,5,6
1175,DOWN,0.0,5.0,4.0,1.0,0.0,40,5,6
1176,B,0.0,5.0,4.0,1.0,0.0,40,5,6
1177,A,0.0,5.0,4.0,1.0,0.0,40,5,6
1178,DOWN,0.0,5.0,4.0,1.0,0.0,40,5,6
1179,DOWN,0.0,5.0,4.0,1.0,0.0,40,5,6
1180,A,0.0,5.0,4.0,1.0,0.0,40,5,6
1181,RIGHT,0.0,5.0,4.0,1.0,0.0,40,5,6
1182,LEFT,0.0,5.0,4.0,1.0,0.0,40,5,6
1183,UP,0.0,5.0,4.0,1.0,0.0,40,5,6
1184,LEFT,0.0,5.0,4.0,1.0,0.0,40,5,6
1185,DOWN,0.0,5.0,4.0,1.0,0.0,40,5,6
1186,A,0.0,5.0,4.0,1.0,0.0,40,5,6
1187,UP,0.0,5.0,4.0,1.0,0.0,40,5,6
1188,LEFT,0.0,5.0,4.0,1.0,0.0,40,5,6
1189,UP,0.0,5.0,4.0,1.0,0.0,40,5,6
1190,UP,0.0,5.0,4.0,1.0,0.0,40,5,6
1191,A,0.0,5.0,4.0,1.0,0.0,40,5,6
1192,UP,0.0,5.0,4.0,1.0,0.0,40,5,6
1193,A,0.0,5.0,4.0,1.0,0.0,40,5,6
1194,DOWN,0.0,5.0,4.0,1.0,0.0,40,5,6
1195,DOWN,0.0,5.0,4.0,1.0,0.0,40,5,6
1196,LEFT,0.0,5.0,4.0,1.0,0.0,40,5,6
1197,A,0.0,5.0,4.0,1.0,0.0,40,5,6
1198,A,0.0,5.0,4.0,1.0,0.0,40,5,6
1199,RIGHT,0.0,5.0,4.0,1.0,0.0,40,5,6
1200,UP,0.0,5.0,4.0,1.0,0.0,40,5,6
1201,LEFT,0.0,5.0,4.0,1.0,0.0,40,5,6
1202,A,0.0,5.0,4.0,1.0,0.0,40,5,6
1203,LEFT,0.0,5.0,4.0,1.0,0.0,40,5,6
1204,UP,0.0,5.0,4.0,1.0,0.0,40,5,6
1205,RIGHT,0.0,5.0,4.0,1.0,0.0,40,5,6
1206,A,0.0,5.0,4.0,1.0,0.0,40,5,6
1207,LEFT,0.0,5.0,4.0,1.0,0.0,40,5,6
1208,B,0.0,5.0,4.0,1.0,0.0,40,5,6
1209,RIGHT,0.0,5.0,4.0,1.0,0.0,40,5,6
1210,DOWN,0.0,5.0,4.0,1.0,0.0,40,5,6
1211,DOWN,0.0,5.0,4.0,1.0,0.0,40,5,6
1212,RIGHT,0.0,5.0,4.0,1.0,0.0,40,5,6
1213,LEFT,0.0,5.0,4.0,1.0,0.0,40,5,6
1214,UP,0.0,5.0,4.0,1.0,0.0,40,5,6
1215,A,0.0,5.0,4.0,1.0,0.0,40,5,6
1216,UP,0.0,5.0,4.0,1.0,0.0,40,5,6
1217,UP,0.0,5.0,4.0,1.0,0.0,40,5,6
1218,A,0.0,5.0,4.0,1.0,0.0,40,5,6
1219,A,0.0,5.0,4.0,1.0,0.0,40,5,6
1220,A,0.0,5.0,4.0,1.0,0.0,40,5,6
1221,B,0.0,5.0,4.0,1.0,0.0,40,5,6
1222,B,0.0,5.0,4.0,1.0,0.0,40,5,6
1223,LEFT,0.0,5.0,4.0,1.0,0.0,40,5,6
1224,DOWN,0.0,5.0,4.0,1.0,0.0,40,5,6
1225,RIGHT,0.0,5.0,4.0,1.0,0.0,40,5,6
1226,B,0.0,5.0,4.0,1.0,0.0,40,5,6
1227,B,0.0,5.0,4.0,1.0,0.0,40,5,6
1228,DOWN,0.0,5.0,4.0,1.0,0.0,40,5,6
1229,DOWN,0.0,5.0,4.0,1.0,0.0,40,5,6
1230,DOWN,0.0,5.0,4.0,1.0,0.0,40,5,6
1231,RIGHT,0.0,5.0,4.0,1.0,0.0,40,5,6
1232,LEFT,0.0,5.0,4.0,1.0,0.0,40,5,6
1233,DOWN,0.0,5.0,4.0,1.0,0.0,40,5,6
1234,B,0.0,5.0,4.0,1.0,0.0,40,5,6
1235,DOWN,0.0,5.0,4.0,1.0,0.0,40,5,6
1236,DOWN,0.0,5.0,4.0,1.0,0.0,40,5,6
1237,A,0.0,5.0,4.0,1.0,0.0,40,5,6
1238,A,0.0,5.0,4.0,1.0,0.0,40,5,6
1239,A,0.0,5.0,4.0,1.0,0.0,40,5,6
1240,A,0.0,5.0,4.0,1.0,0.0,40,5,6
1241,A,0.0,5.0,4.0,1.0,0.0,40,5,6
1242,UP,0.0,5.0,4.0,1.0,0.0,40,5,6
1243,B,0.0,5.0,4.0,1.0,0.0,40,5,6
1244,LEFT,0.0,5.0,4.0,1.0,0.0,40,5,6
1245,LEFT,0.0,5.0,4.0,1.0,0.0,40,5,6
1246,LEFT,0.0,5.0,4.0,1.0,0.0,40,5,6
1247,A,0.0,5.0,4.0,1.0,0.0,40,5,6
1248,UP,0.0,5.0,4.0,1.0,0.0,40,5,6
1249,UP,0.0,5.0,4.0,1.0,0.0,40,5,6
1250,RIGHT,0.0,5.0,4.0,1.0,0.0,40,5,6
1251,LEFT,0.0,5.0,4.0,1.0,0.0,40,5,6
1252,A,0.0,5.0,4.0,1.0,0.0,40,5,6
1253,A,0.0,5.0,4.0,1.0,0.0,40,5,6
1254,UP,0.0,5.0,4.0,1.0,0.0,40,5,6
1255,UP,0.0,5.0,4.0,1.0,0.0,40,5,6
1256,B,0.0,5.0,4.0,1.0,0.0,40,5,6
1257,RIGHT,0.0,5.0,4.0,1.0,0.0,40,5,6
1258,UP,0.0,5.0,4.0,1.0,0.0,40,5,6
1259,UP,0.0,5.0,4.0,1.0,0.0,40,5,6
1260,B,0.0,5.0,4.0,1.0,0.0,40,5,6
1261,A,0.0,5.0,4.0,1.0,0.0,40,5,6
1262,UP,0.0,5.0,4.0,1.0,0.0,40,5,6
1263,LEFT,0.0,5.0,4.0,1.0,0.0,40,5,6
1264,RIGHT,0.0,5.0,4.0,1.0,0.0,40,5,6
1265,UP,0.0,5.0,4.0,1.0,0.0,40,5,6
1266,A,0.0,5.0,4.0,1.0,0.0,40,5,6
1267,B,0.0,5.0,4.0,1.0,0.0,40,5,6
1268,UP,0.0,5.0,4.0,1.0,0.0,40,5,6
1269,RIGHT,0.0,5.0,4.0,1.0,0.0,40,5,6
1270,B,0.0,5.0,4.0,1.0,0.0,40,5,6
1271,A,0.0,5.0,4.0,1.0,0.0,40,5,6
1272,DOWN,0.0,5.0,4.0,1.0,0.0,40,5,6
1273,DOWN,0.0,5.0,4.0,1.0,0.0,40,5,6
1274,B,0.0,5.0,4.0,1.0,0.0,40,5,6
1275,DOWN,0.0,5.0,4.0,1.0,0.0,40,5,6
1276,DOWN,0.0,5.0,4.0,1.0,0.0,40,5,6
1277,RIGHT,0.0,5.0,4.0,1.0,0.0,40,5,6
1278,UP,0.0,5.0,4.0,1.0,0.0,40,5,6
1279,A,0.0,5.0,4.0,1.0,0.0,40,5,6
1280,LEFT,0.0,5.0,4.0,1.0,0.0,40,5,6
1281,DOWN,0.0,5.0,4.0,1.0,0.0,40,5,6
1282,DOWN,0.0,5.0,4.0,1.0,0.0,40,5,6
1283,DOWN,0.0,5.0,4.0,1.0,0.0,40,5,6
1284,RIGHT,0.0,5.0,4.0,1.0,0.0,40,5,6
1285,DOWN,0.0,5.0,4.0,1.0,0.0,40,5,6
1286,B,0.0,5.0,4.0,1.0,0.0,40,5,6
1287,LEFT,0.0,5.0,4.0,1.0,0.0,40,5,6
1288,LEFT,0.0,5.0,4.0,1.0,0.0,40,5,6
1289,DOWN,0.0,5.0,4.0,1.0,0.0,40,5,6
1290,RIGHT,0.0,5.0,4.0,1.0,0.0,40,5,6
1291,LEFT,0.0,5.0,4.0,1.0,0.0,40,5,6
1292,DOWN,0.0,5.0,4.0,1.0,0.0,40,5,6
1293,A,0.0,5.0,4.0,1.0,0.0,40,5,6
1294,A,0.0,5.0,4.0,1.0,0.0,40,5,6
1295,A,0.0,5.0,4.0,1.0,0.0,40,5,6
1296,UP,0.0,5.0,4.0,1.0,0.0,40,5,6
1297,LEFT,0.0,5.0,4.0,1.0,0.0,40,5,6
1298,UP,0.0,5.0,4.0,1.0,0.0,40,5,6
1299,UP,0.0,5.0,4.0,1.0,0.0,40,5,6
1300,B,0.0,5.0,4.0,1.0,0.0,40,5,6
1301,LEFT,0.0,5.0,4.0,1.0,0.0,40,5,6
1302,UP,0.0,5.0,4.0,1.0,0.0,40,5,6
1303,A,0.0,5.0,4.0,1.0,0.0,40,5,6
1304,DOWN,0.0,5.0,4.0,1.0,0.0,40,5,6
1305,LEFT,0.0,5.0,4.0,1.0,0.0,40,5,6
1306,UP,0.0,5.0,4.0,1.0,0.0,40,5,6
1307,UP,0.0,5.0,4.0,1.0,0.0,40,5,6
1308,RIGHT,0.0,5.0,4.0,1.0,0.0,40,5,6
1309,LEFT,0.0,5.0,4.0,1.0,0.0,40,5,6
1310,LEFT,0.0,5.0,4.0,1.0,0.0,40,5,6
1311,A,0.0,5.0,4.0,1.0,0.0,40,5,6
1312,UP,0.0,5.0,4.0,1.0,0.0,40,5,6
1313,RIGHT,0.0,5.0,4.0,1.0,0.0,40,5,6
1314,LEFT,0.0,5.0,4.0,1.0,0.0,40,5,6
1315,LEFT,0.0,5.0,4.0,1.0,0.0,40,5,6
1316,B,0.0,5.0,4.0,1.0,0.0,40,5,6
1317,LEFT,0.0,5.0,4.0,1.0,0.0,40,5,6
1318,B,0.0,5.0,4.0,1.0,0.0,40,5,6
1319,B,0.0,5.0,4.0,1.0,0.0,40,5,6
1320,RIGHT,0.0,5.0,4.0,1.0,0.0,40,5,6
1321,DOWN,0.0,5.0,4.0,1.0,0.0,40,5,6
1322,DOWN,0.0,5.0,4.0,1.0,0.0,40,5,6
1323,DOWN,0.0,5.0,4.0,1.0,0.0,40,5,6
1324,RIGHT,0.0,5.0,4.0,1.0,0.0,40,5,6
1325,RIGHT,0.0,5.0,4.0,1.0,0.0,40,5,6
1326,DOWN,0.0,5.0,4.0,1.0,0.0,40,5,6
1327,A,0.0,5.0,4.0,1.0,0.0,40,5,6
1328,UP,0.0,5.0,4.0,1.0,0.0,40,5,6
1329,UP,0.0,5.0,4.0,1.0,0.0,40,5,6
1330,A,0.0,5.0,4.0,1.0,0.0,40,5,6
1331,LEFT,0.0,5.0,4.0,1.0,0.0,40,5,6
1332,LEFT,0.0,5.0,4.0,1.0,0.0,40,5,6
1333,B,0.0,5.0,4.0,1.0,0.0,40,5,6
1334,RIGHT,0.0,5.0,4.0,1.0,0.0,40,5,6
1335,A,0.0,5.0,4.0,1.0,0.0,40,5,6
1336,A,0.0,5.0,4.0,1.0,0.0,40,5,6
1337,B,0.0,5.0,4.0,1.0,0.0,40,5,6
1338,A,0.0,5.0,4.0,1.0,0.0,40,5,6
1339,RIGHT,0.0,5.0,4.0,1.0,0.0,40,5,6
1340,LEFT,0.0,5.0,4.0,1.0,0.0,40,5,6
1341,RIGHT,0.0,5.0,4.0,1.0,0.0,40,5,6
1342,DOWN,0.0,5.0,4.0,1.0,0.0,40,5,6
1343,RIGHT,0.0,5.0,4.0,1.0,0.0,40,5,6
1344,LEFT,0.0,5.0,4.0,1.0,0.0,40,5,6
1345,DOWN,0.0,5.0,4.0,1.0,0.0,40,5,6
1346,RIGHT,0.0,5.0,4.0,1.0,0.0,40,5,6
1347,LEFT,0.0,5.0,4.0,1.0,0.0,40,5,6
1348,B,0.0,5.0,4.0,1.0,0.0,40,5,6
1349,RIGHT,0.0,5.0,4.0,1.0,0.0,40,5,6
1350,LEFT,0.0,5.0,4.0,1.0,0.0,40,5,6
1351,UP,0.0,5.0,4.0,1.0,0.0,40,5,6
1352,DOWN,0.0,5.0,4.0,1.0,0.0,40,5,6
1353,A,0.0,5.0,4.0,1.0,0.0,40,5,6
1354,A,0.0,5.0,4.0,1.0,0.0,40,5,6
1355,DOWN,0.0,5.0,4.0,1.0,0.0,40,5,6
1356,B,0.0,5.0,4.0,1.0,0.0,40,5,6
1357,A,0.0,5.0,4.0,1.0,0.0,40,5,6
1358,RIGHT,0.0,5.0,4.0,1.0,0.0,40,5,6
1359,LEFT,0.0,5.0,4.0,1.0,0.0,40,5,6
1360,UP,0.0,5.0,4.0,1.0,0.0,40,5,6
1361,UP,0.0,5.0,4.0,1.0,0.0,40,5,6
1362,RIGHT,0.0,5.0,4.0,1.0,0.0,40,5,6
1363,A,0.0,5.0,4.0,1.0,0.0,40,5,6
1364,A,0.0,5.0,4.0,1.0,0.0,40,5,6
1365,A,0.0,5.0,4.0,1.0,0.0,40,5,6
1366,DOWN,0.0,5.0,4.0,1.0,0.0,40,5,6
1367,A,0.0,5.0,4.0,1.0,0.0,40,5,6
1368,B,0.0,5.0,4.0,1.0,0.0,40,5,6
1369,LEFT,0.0,5.0,4.0,1.0,0.0,40,5,6
1370,UP,0.0,5.0,4.0,1.0,0.0,40,5,6
1371,UP,0.0,5.0,4.0,1.0,0.0,40,5,6
1372,LEFT,0.0,5.0,4.0,1.0,0.0,40,5,6
1373,DOWN,0.0,5.0,4.0,1.0,0.0,40,5,6
1374,RIGHT,0.0,5.0,4.0,1.0,0.0,40,5,6
1375,UP,0.0,5.0,4.0,1.0,0.0,40,5,6
1376,UP,0.0,5.0,4.0,1.0,0.0,40,5,6
1377,B,0.0,5.0,4.0,1.0,0.0,40,5,6
1378,DOWN,0.0,5.0,4.0,1.0,0.0,40,5,6
1379,UP,0.0,5.0,4.0,1.0,0.0,40,5,6
1380,LEFT,0.0,5.0,4.0,1.0,0.0,40,5,6
1381,A,0.0,5.0,4.0,1.0,0.0,40,5,6
1382,UP,0.0,5.0,4.0,1.0,0.0,40,5,6
1383,DOWN,0.0,5.0,4.0,1.0,0.0,40,5,6
1384,B,0.0,5.0,4.0,1.0,0.0,40,5,6
1385,RIGHT,0.0,5.0,4.0,1.0,0.0,40,5,6
1386,UP,0.0,5.0,4.0,1.0,0.0,40,5,6
1387,LEFT,0.0,5.0,4.0,1.0,0.0,40,5,6
1388,UP,0.0,5.0,4.0,1.0,0.0,40,5,6
1389,DOWN,0.0,5.0,4.0,1.0,0.0,40,5,6
1390,LEFT,0.0,5.0,4.0,1.0,0.0,40,5,6
1391,UP,0.0,5.0,4.0,1.0,0.0,40,5,6
1392,UP,0.0,5.0,4.0,1.0,0.0,40,5,6
1393,DOWN,0.0,5.0,4.0,1.0,0.0,40,5,6
1394,UP,0.0,5.0,4.0,1.0,0.0,40,5,6
1395,B,0.0,5.0,4.0,1.0,0.0,40,5,6
1396,B,0.0,5.0,4.0,1.0,0.0,40,5,6
1397,UP,0.0,5.0,4.0,1.0,0.0,40,5,6
1398,UP,0.0,5.0,4.0,1.0,0.0,40,5,6
1399,LEFT,0.0,5.0,4.0,1.0,0.0,40,5,6
1400,B,0.0,5.0,4.0,1.0,0.0,40,5,6
1401,UP,0.0,5.0,4.0,1.0,0.0,40,5,6
1402,DOWN,0.0,5.0,4.0,1.0,0.0,40,5,6
1403,B,0.0,5.0,4.0,1.0,0.0,40,5,6
1404,A,0.0,5.0,4.0,1.0,0.0,40,5,6
1405,UP,0.0,5.0,4.0,1.0,0.0,40,5,6
1406,B,0.0,5.0,4.0,1.0,0.0,40,5,6
1407,A,0.0,5.0,4.0,1.0,0.0,40,5,6
1408,B,0.0,5.0,4.0,1.0,0.0,40,5,6
1409,DOWN,0.0,5.0,4.0,1.0,0.0,40,5,6
1410,B,0.0,5.0,4.0,1.0,0.0,40,5,6
1411,B,0.0,5.0,4.0,1.0,0.0,40,5,6
1412,A,0.0,5.0,4.0,1.0,0.0,40,5,6
1413,A,0.0,5.0,4.0,1.0,0.0,40,5,6
1414,A,0.0,5.0,4.0,1.0,0.0,40,5,6
1415,B,0.0,5.0,4.0,1.0,0.0,40,5,6
1416,DOWN,0.0,5.0,4.0,1.0,0.0,40,5,6
1417,LEFT,0.0,5.0,4.0,1.0,0.0,40,5,6
1418,DOWN,0.0,5.0,4.0,1.0,0.0,40,5,6
1419,A,0.0,5.0,4.0,1.0,0.0,40,5,6
1420,DOWN,0.0,5.0,4.0,1.0,0.0,40,5,6
1421,B,0.0,5.0,4.0,1.0,0.0,40,5,6
1422,LEFT,0.0,5.0,4.0,1.0,0.0,40,5,6
1423,LEFT,0.0,5.0,4.0,1.0,0.0,40,5,6
1424,LEFT,0.0,5.0,4.0,1.0,0.0,40,5,6
1425,UP,0.0,5.0,4.0,1.0,0.0,40,5,6
1426,A,0.0,5.0,4.0,1.0,0.0,40,5,6
1427,A,0.0,5.0,4.0,1.0,0.0,40,5,6
1428,B,0.0,5.0,4.0,1.0,0.0,40,5,6
1429,UP,0.0,5.0,4.0,1.0,0.0,40,5,6
1430,B,0.0,5.0,4.0,1.0,0.0,40,5,6
1431,RIGHT,0.0,5.0,4.0,1.0,0.0,40,5,6
1432,UP,0.0,5.0,4.0,1.0,0.0,40,5,6
1433,UP,0.0,5.0,4.0,1.0,0.0,40,5,6
1434,B,0.0,5.0,4.0,1.0,0.0,40,5,6
1435,A,0.0,5.0,4.0,1.0,0.0,40,5,6
1436,UP,0.0,5.0,4.0,1.0,0.0,40,5,6
1437,LEFT,0.0,5.0,4.0,1.0,0.0,40,5,6
1438,UP,0.0,5.0,4.0,1.0,0.0,40,5,6
1439,LEFT,0.0,5.0,4.0,1.0,0.0,40,5,6
1440,LEFT,0.0,5.0,4.0,1.0,0.0,40,5,6
1441,RIGHT,0.0,5.0,4.0,1.0,0.0,40,5,6
1442,B,0.0,5.0,4.0,1.0,0.0,40,5,6
1443,UP,0.0,5.0,4.0,1.0,0.0,40,5,6
1444,RIGHT,0.0,5.0,4.0,1.0,0.0,40,5,6
1445,LEFT,0.0,5.0,4.0,1.0,0.0,40,5,6
1446,RIGHT,0.0,5.0,4.0,1.0,0.0,40,5,6
1447,DOWN,0.0,5.0,4.0,1.0,0.0,40,5,6
1448,A,0.0,5.0,4.0,1.0,0.0,40,5,6
1449,DOWN,0.0,5.0,4.0,1.0,0.0,40,5,6
1450,DOWN,0.0,5.0,4.0,1.0,0.0,40,5,6
1451,A,0.0,5.0,4.0,1.0,0.0,40,5,6
1452,RIGHT,0.0,5.0,4.0,1.0,0.0,40,5,6
1453,UP,0.0,5.0,4.0,1.0,0.0,40,5,6
1454,A,0.0,5.0,4.0,1.0,0.0,40,5,6
1455,DOWN,0.0,5.0,4.0,1.0,0.0,40,5,6
1456,UP,0.0,5.0,4.0,1.0,0.0,40,5,6
1457,B,0.0,5.0,4.0,1.0,0.0,40,5,6
1458,A,0.0,5.0,4.0,1.0,0.0,40,5,6
1459,B,0.0,5.0,4.0,1.0,0.0,40,5,6
1460,A,0.0,5.0,4.0,1.0,0.0,40,5,6
1461,A,0.0,5.0,4.0,1.0,0.0,40,5,6
1462,B,0.0,5.0,4.0,1.0,0.0,40,5,6
1463,A,0.0,5.0,4.0,1.0,0.0,40,5,6
1464,RIGHT,0.0,5.0,4.0,1.0,0.0,40,5,6
1465,DOWN,0.0,5.0,4.0,1.0,0.0,40,5,6
1466,B,0.0,5.0,4.0,1.0,0.0,40,5,6
1467,LEFT,0.0,5.0,4.0,1.0,0.0,40,5,6
1468,B,0.0,5.0,4.0,1.0,0.0,40,5,6
1469,UP,0.0,5.0,4.0,1.0,0.0,40,5,6
1470,A,0.0,5.0,4.0,1.0,0.0,40,5,6
1471,UP,0.0,5.0,4.0,1.0,0.0,40,5,6
1472,LEFT,0.0,5.0,4.0,1.0,0.0,40,5,6
1473,UP,0.0,5.0,4.0,1.0,0.0,40,5,6
1474,LEFT,0.0,5.0,4.0,1.0,0.0,40,5,6
1475,DOWN,0.0,5.0,4.0,1.0,0.0,40,5,6
1476,DOWN,0.0,5.0,4.0,1.0,0.0,40,5,6
1477,DOWN,0.0,5.0,4.0,1.0,0.0,40,5,6
1478,RIGHT,0.0,5.0,4.0,1.0,0.0,40,5,6
1479,UP,0.0,5.0,4.0,1.0,0.0,40,5,6
1480,DOWN,0.0,5.0,4.0,1.0,0.0,40,5,6
1481,UP,0.0,5.0,4.0,1.0,0.0,40,5,6
1482,RIGHT,0.0,5.0,4.0,1.0,0.0,40,5,6
1483,LEFT,0.0,5.0,4.0,1.0,0.0,40,5,6
1484,DOWN,0.0,5.0,4.0,1.0,0.0,40,5,6
1485,B,0.0,5.0,4.0,1.0,0.0,40,5,6
1486,A,0.0,5.0,4.0,1.0,0.0,40,5,6
1487,A,0.0,5.0,4.0,1.0,0.0,40,5,6
1488,DOWN,0.0,5.0,4.0,1.0,0.0,40,5,6
1489,A,0.0,5.0,4.0,1.0,0.0,40,5,6
1490,RIGHT,0.0,5.0,4.0,1.0,0.0,40,5,6
1491,LEFT,0.0,5.0,4.0,1.0,0.0,40,5,6
1492,B,0.0,5.0,4.0,1.0,0.0,40,5,6
1493,UP,0.0,5.0,4.0,1.0,0.0,40,5,6
1494,LEFT,0.0,5.0,4.0,1.0,0.0,40,5,6
1495,B,0.0,5.0,4.0,1.0,0.0,40,5,6
1496,B,0.0,5.0,4.0,1.0,0.0,40,5,6
1497,LEFT,0.0,5.0,4.0,1.0,0.0,40,5,6
1498,UP,0.0,5.0,4.0,1.0,0.0,40,5,6
1499,RIGHT,0.0,5.0,4.0,1.0,0.0,40,5,6
1500,DOWN,0.0,5.0,4.0,1.0,0.0,40,5,6
1501,A,0.0,5.0,4.0,1.0,0.0,40,5,6
1502,RIGHT,0.0,5.0,4.0,1.0,0.0,40,5,6
1503,DOWN,0.0,5.0,4.0,1.0,0.0,40,5,6
1504,DOWN,0.0,5.0,4.0,1.0,0.0,40,5,6
1505,DOWN,0.0,5.0,4.0,1.0,0.0,40,5,6
1506,A,0.0,5.0,4.0,1.0,0.0,40,5,6
1507,A,0.0,5.0,4.0,1.0,0.0,40,5,6
1508,LEFT,0.0,5.0,4.0,1.0,0.0,40,5,6
1509,LEFT,0.0,5.0,4.0,1.0,0.0,40,5,6
1510,A,0.0,5.0,4.0,1.0,0.0,40,5,6
1511,A,0.0,5.0,4.0,1.0,0.0,40,5,6
1512,UP,0.0,5.0,4.0,1.0,0.0,40,5,6
1513,RIGHT,0.0,5.0,4.0,1.0,0.0,40,5,6
1514,DOWN,0.0,5.0,4.0,1.0,0.0,40,5,6
1515,DOWN,0.0,5.0,4.0,1.0,0.0,40,5,6
1516,UP,0.0,5.0,4.0,1.0,0.0,40,5,6
1517,UP,0.0,5.0,4.0,1.0,0.0,40,5,6
1518,RIGHT,0.0,5.0,4.0,1.0,0.0,40,5,6
1519,B,0.0,5.0,4.0,1.0,0.0,40,5,6
1520,LEFT,0.0,5.0,4.0,1.0,0.0,40,5,6
1521,LEFT,0.0,5.0,4.0,1.0,0.0,40,5,6
1522,RIGHT,0.0,5.0,4.0,1.0,0.0,40,5,6
1523,B,0.0,5.0,4.0,1.0,0.0,40,5,6
1524,LEFT,0.0,5.0,4.0,1.0,0.0,40,5,6
1525,RIGHT,0.0,5.0,4.0,1.0,0.0,40,5,6
1526,UP,0.0,5.0,4.0,1.0,0.0,40,5,6
1527,UP,0.0,5.0,4.0,1.0,0.0,40,5,6
1528,RIGHT,0.0,5.0,4.0,1.0,0.0,40,5,6
1529,RIGHT,0.0,5.0,4.0,1.0,0.0,40,5,6
1530,LEFT,0.0,5.0,4.0,1.0,0.0,40,5,6
1531,LEFT,0.0,5.0,4.0,1.0,0.0,40,5,6
1532,B,0.0,5.0,4.0,1.0,0.0,40,5,6
1533,A,0.0,5.0,4.0,1.0,0.0,40,5,6
1534,LEFT,0.0,5.0,4.0,1.0,0.0,40,5,6
1535,DOWN,0.0,5.0,4.0,1.0,0.0,40,5,6
1536,UP,0.0,5.0,4.0,1.0,0.0,40,5,6
1537,RIGHT,0.0,5.0,4.0,1.0,0.0,40,5,6
1538,A,0.0,5.0,4.0,1.0,0.0,40,5,6
1539,A,0.0,5.0,4.0,1.0,0.0,40,5,6
1540,A,0.0,5.0,4.0,1.0,0.0,40,5,6
1541,UP,0.0,5.0,4.0,1.0,0.0,40,5,6
1542,B,0.0,5.0,4.0,1.0,0.0,40,5,6
1543,UP,0.0,5.0,4.0,1.0,0.0,40,5,6
1544,UP,0.0,5.0,4.0,1.0,0.0,40,5,6
1545,A,0.0,5.0,4.0,1.0,0.0,40,5,6
1546,RIGHT,0.0,5.0,4.0,1.0,0.0,40,5,6
1547,A,0.0,5.0,4.0,1.0,0.0,40,5,6
1548,DOWN,0.0,5.0,4.0,1.0,0.0,40,5,6
1549,UP,0.0,5.0,4.0,1.0,0.0,40,5,6
1550,A,0.0,5.0,4.0,1.0,0.0,40,5,6
1551,LEFT,0.0,5.0,4.0,1.0,0.0,40,5,6
1552,LEFT,0.0,5.0,4.0,1.0,0.0,40,5,6
1553,DOWN,0.0,5.0,4.0,1.0,0.0,40,5,6
1554,RIGHT,0.0,5.0,4.0,1.0,0.0,40,5,6
1555,DOWN,0.0,5.0,4.0,1.0,0.0,40,5,6
1556,A,0.0,5.0,4.0,1.0,0.0,40,5,6
1557,DOWN,0.0,5.0,4.0,1.0,0.0,40,5,6
1558,UP,0.0,5.0,4.0,1.0,0.0,40,5,6
1559,DOWN,0.0,5.0,4.0,1.0,0.0,40,5,6
1560,UP,0.0,5.0,4.0,1.0,0.0,40,5,6
1561,DOWN,0.0,5.0,4.0,1.0,0.0,40,5,6
1562,UP,0.0,5.0,4.0,1.0,0.0,40,5,6
1563,RIGHT,0.0,5.0,4.0,1.0,0.0,40,5,6
1564,DOWN,0.0,5.0,4.0,1.0,0.0,40,5,6
1565,B,0.0,5.0,4.0,1.0,0.0,40,5,6
1566,UP,0.0,5.0,4.0,1.0,0.0,40,5,6
1567,RIGHT,0.0,5.0,4.0,1.0,0.0,40,5,6
1568,LEFT,0.0,5.0,4.0,1.0,0.0,40,5,6
1569,B,0.0,5.0,4.0,1.0,0.0,40,5,6
1570,A,0.0,5.0,4.0,1.0,0.0,40,5,6
1571,LEFT,0.0,5.0,4.0,1.0,0.0,40,5,6
1572,LEFT,0.0,5.0,4.0,1.0,0.0,40,5,6
1573,LEFT,0.0,5.0,4.0,1.0,0.0,40,5,6
1574,LEFT,0.0,5.0,4.0,1.0,0.0,40,5,6
1575,UP,0.0,5.0,4.0,1.0,0.0,40,5,6
1576,DOWN,0.0,5.0,4.0,1.0,0.0,40,5,6
1577,UP,0.0,5.0,4.0,1.0,0.0,40,5,6
1578,UP,0.0,5.0,4.0,1.0,0.0,40,5,6
1579,B,0.0,5.0,4.0,1.0,0.0,40,5,6
1580,RIGHT,0.0,5.0,4.0,1.0,0.0,40,5,6
1581,DOWN,0.0,5.0,4.0,1.0,0.0,40,5,6
1582,DOWN,0.0,5.0,4.0,1.0,0.0,40,5,6
1583,DOWN,0.0,5.0,4.0,1.0,0.0,40,5,6
1584,DOWN,0.0,5.0,4.0,1.0,0.0,40,5,6
1585,B,0.0,5.0,4.0,1.0,0.0,40,5,6
1586,UP,0.0,5.0,4.0,1.0,0.0,40,5,6
1587,LEFT,0.0,5.0,4.0,1.0,0.0,40,5,6
1588,B,0.0,5.0,4.0,1.0,0.0,40,5,6
1589,A,0.0,5.0,4.0,1.0,0.0,40,5,6
1590,B,0.0,5.0,4.0,1.0,0.0,40,5,6
1591,DOWN,0.0,5.0,4.0,1.0,0.0,40,5,6
1592,UP,0.0,5.0,4.0,1.0,0.0,40,5,6
1593,A,0.0,5.0,4.0,1.0,0.0,40,5,6
1594,A,0.0,5.0,4.0,1.0,0.0,40,5,6
1595,A,0.0,5.0,4.0,1.0,0.0,40,5,6
1596,UP,0.0,5.0,4.0,1.0,0.0,40,5,6
1597,DOWN,0.0,5.0,4.0,1.0,0.0,40,5,6
1598,LEFT,0.0,5.0,4.0,1.0,0.0,40,5,6
1599,A,0.0,5.0,4.0,1.0,0.0,40,5,6
1600,UP,0.0,5.0,4.0,1.0,0.0,40,5,6
1601,A,0.0,5.0,4.0,1.0,0.0,40,5,6
1602,B,0.0,5.0,4.0,1.0,0.0,40,5,6
1603,UP,0.0,5.0,4.0,1.0,0.0,40,5,6
1604,RIGHT,0.0,5.0,4.0,1.0,0.0,40,5,6
1605,LEFT,0.0,5.0,4.0,1.0,0.0,40,5,6
1606,B,0.0,5.0,4.0,1.0,0.0,40,5,6
1607,B,0.0,5.0,4.0,1.0,0.0,40,5,6
1608,B,0.0,5.0,4.0,1.0,0.0,40,5,6
1609,DOWN,0.0,5.0,4.0,1.0,0.0,40,5,6
1610,B,0.0,5.0,4.0,1.0,0.0,40,5,6
1611,LEFT,0.0,5.0,4.0,1.0,0.0,40,5,6
1612,A,0.0,5.0,4.0,1.0,0.0,40,5,6
1613,B,0.0,5.0,4.0,1.0,0.0,40,5,6
1614,B,0.0,5.0,4.0,1.0,0.0,40,5,6
1615,B,0.0,5.0,4.0,1.0,0.0,40,5,6
1616,UP,0.0,5.0,4.0,1.0,0.0,40,5,6
1617,DOWN,0.0,5.0,4.0,1.0,0.0,40,5,6
1618,A,0.0,5.0,4.0,1.0,0.0,40,5,6
1619,UP,0.0,5.0,4.0,1.0,0.0,40,5,6
1620,LEFT,0.0,5.0,4.0,1.0,0.0,40,5,6
1621,RIGHT,0.0,5.0,4.0,1.0,0.0,40,5,6
1622,UP,0.0,5.0,4.0,1.0,0.0,40,5,6
1623,B,0.0,5.0,4.0,1.0,0.0,40,5,6
1624,DOWN,0.0,5.0,4.0,1.0,0.0,40,5,6
1625,DOWN,0.0,5.0,4.0,1.0,0.0,40,5,6
1626,RIGHT,0.0,5.0,4.0,1.0,0.0,40,5,6
1627,RIGHT,0.0,5.0,4.0,1.0,0.0,40,5,6
1628,LEFT,0.0,5.0,4.0,1.0,0.0,40,5,6
1629,DOWN,0.0,5.0,4.0,1.0,0.0,40,5,6
1630,RIGHT,0.0,5.0,4.0,1.0,0.0,40,5,6
1631,A,0.0,5.0,4.0,1.0,0.0,40,5,6
1632,LEFT,0.0,5.0,4.0,1.0,0.0,40,5,6
1633,DOWN,0.0,5.0,4.0,1.0,0.0,40,5,6
1634,A,0.0,5.0,4.0,1.0,0.0,40,5,6
1635,A,0.0,5.0,4.0,1.0,0.0,40,5,6
1636,DOWN,0.0,5.0,4.0,1.0,0.0,40,5,6
1637,DOWN,0.0,5.0,4.0,1.0,0.0,40,5,6
1638,DOWN,0.0,5.0,4.0,1.0,0.0,40,5,6
1639,DOWN,0.0,5.0,4.0,1.0,0.0,40,5,6
1640,LEFT,0.0,5.0,4.0,1.0,0.0,40,5,6
1641,B,0.0,5.0,4.0,1.0,0.0,40,5,6
1642,UP,0.0,5.0,4.0,1.0,0.0,40,5,6
1643,A,0.0,5.0,4.0,1.0,0.0,40,5,6
1644,UP,0.0,5.0,4.0,1.0,0.0,40,5,6
1645,B,0.0,5.0,4.0,1.0,0.0,40,5,6
1646,B,0.0,5.0,4.0,1.0,0.0,40,5,6
1647,DOWN,0.0,5.0,4.0,1.0,0.0,40,5,6
1648,A,0.0,5.0,4.0,1.0,0.0,40,5,6
1649,LEFT,0.0,5.0,4.0,1.0,0.0,40,5,6
1650,A,0.0,5.0,4.0,1.0,0.0,40,5,6
1651,DOWN,0.0,5.0,4.0,1.0,0.0,40,5,6
1652,DOWN,0.0,5.0,4.0,1.0,0.0,40,5,6
1653,A,0.0,5.0,4.0,1.0,0.0,40,5,6
1654,UP,0.0,5.0,4.0,1.0,0.0,40,5,6
1655,B,0.0,5.0,4.0,1.0,0.0,40,5,6
1656,UP,0.0,5.0,4.0,1.0,0.0,40,5,6
1657,RIGHT,0.0,5.0,4.0,1.0,0.0,40,5,6
1658,B,0.0,5.0,4.0,1.0,0.0,40,5,6
1659,LEFT,0.0,5.0,4.0,1.0,0.0,40,5,6
1660,A,0.0,5.0,4.0,1.0,0.0,40,5,6
1661,LEFT,0.0,5.0,4.0,1.0,0.0,40,5,6
1662,B,0.0,5.0,4.0,1.0,0.0,40,5,6
1663,A,0.0,5.0,4.0,1.0,0.0,40,5,6
1664,DOWN,0.0,5.0,4.0,1.0,0.0,40,5,6
1665,UP,0.0,5.0,4.0,1.0,0.0,40,5,6
1666,A,0.0,5.0,4.0,1.0,0.0,40,5,6
1667,UP,0.0,5.0,4.0,1.0,0.0,40,5,6
1668,LEFT,0.0,5.0,4.0,1.0,0.0,40,5,6
1669,LEFT,0.0,5.0,4.0,1.0,0.0,40,5,6
1670,LEFT,0.0,5.0,4.0,1.0,0.0,40,5,6
1671,UP,0.0,5.0,4.0,1.0,0.0,40,5,6
1672,RIGHT,0.0,5.0,4.0,1.0,0.0,40,5,6
1673,DOWN,0.0,5.0,4.0,1.0,0.0,40,5,6
1674,RIGHT,0.0,5.0,4.0,1.0,0.0,40,5,6
1675,A,0.0,5.0,4.0,1.0,0.0,40,5,6
1676,DOWN,0.0,5.0,4.0,1.0,0.0,40,5,6
1677,LEFT,0.0,5.0,4.0,1.0,0.0,40,5,6
1678,A,0.0,5.0,4.0,1.0,0.0,40,5,6
1679,A,0.0,5.0,4.0,1.0,0.0,40,5,6
1680,B,0.0,5.0,4.0,1.0,0.0,40,5,6
1681,A,0.0,5.0,4.0,1.0,0.0,40,5,6
1682,UP,0.0,5.0,4.0,1.0,0.0,40,5,6
1683,DOWN,0.0,5.0,4.0,1.0,0.0,40,5,6
1684,DOWN,0.0,5.0,4.0,1.0,0.0,40,5,6
1685,LEFT,0.0,5.0,4.0,1.0,0.0,40,5,6
1686,B,0.0,5.0,4.0,1.0,0.0,40,5,6
1687,A,0.0,5.0,4.0,1.0,0.0,40,5,6
1688,B,0.0,5.0,4.0,1.0,0.0,40,5,6
1689,DOWN,0.0,5.0,4.0,1.0,0.0,40,5,6
1690,LEFT,0.0,5.0,4.0,1.0,0.0,40,5,6
1691,DOWN,0.0,5.0,4.0,1.0,0.0,40,5,6
1692,A,0.0,5.0,4.0,1.0,0.0,40,5,6
1693,B,0.0,5.0,4.0,1.0,0.0,40,5,6
1694,DOWN,0.0,5.0,4.0,1.0,0.0,40,5,6
1695,B,0.0,5.0,4.0,1.0,0.0,40,5,6
1696,B,0.0,5.0,4.0,1.0,0.0,40,5,6
1697,A,0.0,5.0,4.0,1.0,0.0,40,5,6
1698,LEFT,0.0,5.0,4.0,1.0,0.0,40,5,6
1699,A,0.0,5.0,4.0,1.0,0.0,40,5,6
1700,LEFT,0.0,5.0,4.0,1.0,0.0,40,5,6
1701,A,0.0,5.0,4.0,1.0,0.0,40,5,6
1702,UP,0.0,5.0,4.0,1.0,0.0,40,5,6
1703,LEFT,0.0,5.0,4.0,1.0,0.0,40,5,6
1704,LEFT,0.0,5.0,4.0,1.0,0.0,40,5,6
1705,RIGHT,0.0,5.0,4.0,1.0,0.0,40,5,6
1706,B,0.0,5.0,4.0,1.0,0.0,40,5,6
1707,RIGHT,0.0,5.0,4.0,1.0,0.0,40,5,6
1708,DOWN,0.0,5.0,4.0,1.0,0.0,40,5,6
1709,DOWN,0.0,5.0,4.0,1.0,0.0,40,5,6
1710,UP,0.0,5.0,4.0,1.0,0.0,40,5,6
1711,A,0.0,5.0,4.0,1.0,0.0,40,5,6
1712,LEFT,0.0,5.0,4.0,1.0,0.0,40,5,6
1713,LEFT,0.0,5.0,4.0,1.0,0.0,40,5,6
1714,UP,0.0,5.0,4.0,1.0,0.0,40,5,6
1715,LEFT,0.0,5.0,4.0,1.0,0.0,40,5,6
1716,A,0.0,5.0,4.0,1.0,0.0,40,5,6
1717,RIGHT,0.0,5.0,4.0,1.0,0.0,40,5,6
1718,DOWN,0.0,5.0,4.0,1.0,0.0,40,5,6
1719,A,0.0,5.0,4.0,1.0,0.0,40,5,6
1720,DOWN,0.0,5.0,4.0,1.0,0.0,40,5,6
1721,A,0.0,5.0,4.0,1.0,0.0,40,5,6
1722,LEFT,0.0,5.0,4.0,1.0,0.0,40,5,6
1723,RIGHT,0.0,5.0,4.0,1.0,0.0,40,5,6
1724,UP,0.0,5.0,4.0,1.0,0.0,40,5,6
1725,UP,0.0,5.0,4.0,1.0,0.0,40,5,6
1726,DOWN,0.0,5.0,4.0,1.0,0.0,40,5,6
1727,RIGHT,0.0,5.0,4.0,1.0,0.0,40,5,6
1728,B,0.0,5.0,4.0,1.0,0.0,40,5,6
1729,RIGHT,0.0,5.0,4.0,1.0,0.0,40,5,6
1730,B,0.0,5.0,4.0,1.0,0.0,40,5,6
1731,RIGHT,0.0,5.0,4.0,1.0,0.0,40,5,6
1732,B,0.0,5.0,4.0,1.0,0.0,40,5,6
1733,LEFT,0.0,5.0,4.0,1.0,0.0,40,5,6
1734,A,0.0,5.0,4.0,1.0,0.0,40,5,6
1735,B,0.0,5.0,4.0,1.0,0.0,40,5,6
1736,A,0.0,5.0,4.0,1.0,0.0,40,5,6
1737,UP,0.0,5.0,4.0,1.0,0.0,40,5,6
1738,A,0.0,5.0,4.0,1.0,0.0,40,5,6
1739,B,0.0,5.0,4.0,1.0,0.0,40,5,6
1740,A,0.0,5.0,4.0,1.0,0.0,40,5,6
1741,DOWN,0.0,5.0,4.0,1.0,0.0,40,5,6
1742,A,0.0,5.0,4.0,1.0,0.0,40,5,6
1743,DOWN,0.0,5.0,4.0,1.0,0.0,40,5,6
1744,A,0.0,5.0,4.0,1.0,0.0,40,5,6
1745,B,0.0,5.0,4.0,1.0,0.0,40,5,6
1746,DOWN,0.0,5.0,4.0,1.0,0.0,40,5,6
1747,LEFT,0.0,5.0,4.0,1.0,0.0,40,5,6
1748,LEFT,0.0,5.0,4.0,1.0,0.0,40,5,6
1749,B,0.0,5.0,4.0,1.0,0.0,40,5,6
1750,A,0.0,5.0,4.0,1.0,0.0,40,5,6
1751,DOWN,0.0,5.0,4.0,1.0,0.0,40,5,6
1752,UP,0.0,5.0,4.0,1.0,0.0,40,5,6
1753,A,0.0,5.0,4.0,1.0,0.0,40,5,6
1754,UP,0.0,5.0,4.0,1.0,0.0,40,5,6
1755,LEFT,0.0,5.0,4.0,1.0,0.0,40,5,6
1756,LEFT,0.0,5.0,4.0,1.0,0.0,40,5,6
1757,LEFT,0.0,5.0,4.0,1.0,0.0,40,5,6
1758,LEFT,0.0,5.0,4.0,1.0,0.0,40,5,6
1759,B,0.0,5.0,4.0,1.0,0.0,40,5,6
1760,A,0.0,5.0,4.0,1.0,0.0,40,5,6
1761,DOWN,0.0,5.0,4.0,1.0,0.0,40,5,6
1762,B,0.0,5.0,4.0,1.0,0.0,40,5,6
1763,B,0.0,5.0,4.0,1.0,0.0,40,5,6
1764,B,0.0,5.0,4.0,1.0,0.0,40,5,6
1765,LEFT,0.0,5.0,4.0,1.0,0.0,40,5,6
1766,A,0.0,5.0,4.0,1.0,0.0,40,5,6
1767,DOWN,0.0,5.0,4.0,1.0,0.0,40,5,6
1768,DOWN,0.0,5.0,4.0,1.0,0.0,40,5,6
1769,RIGHT,0.0,5.0,4.0,1.0,0.0,40,5,6
1770,B,0.0,5.0,4.0,1.0,0.0,40,5,6
1771,A,0.0,5.0,4.0,1.0,0.0,40,5,6
1772,A,0.0,5.0,4.0,1.0,0.0,40,5,6
1773,B,0.0,5.0,4.0,1.0,0.0,40,5,6
1774,B,0.0,5.0,4.0,1.0,0.0,40,5,6
1775,DOWN,0.0,5.0,4.0,1.0,0.0,40,5,7
1776,DOWN,0.0,4.0,5.0,1.0,0.0,40,5,8
1777,DOWN,0.0,3.0,6.0,1.0,0.0,40,5,9
1778,DOWN,0.0,2.0,7.0,1.0,0.0,40,5,10
1779,A,0.0,1.0,8.0,1.0,0.0,40,5,10
1780,RIGHT,0.0,1.0,8.0,1.0,0.0,40,6,10
1781,RIGHT,0.0,2.0,7.0,1.0,0.0,40,7,10
1782,A,0.0,3.0,6.0,1.0,0.0,40,7,10
1783,LEFT,0.0,3.0,6.0,1.0,0.0,40,7,10
1784,UP,0.0,3.0,6.0,1.0,0.0,40,7,10
1785,DOWN,0.0,3.0,6.0,1.0,0.0,40,7,10
1786,RIGHT,0.0,3.0,6.0,1.0,0.0,40,7,10
1787,LEFT,0.0,3.0,6.0,1.0,0.0,40,7,10
1788,RIGHT,0.0,3.0,6.0,1.0,0.0,40,7,10
1789,LEFT,0.0,3.0,6.0,1.0,0.0,40,7,10
1790,A,0.0,3.0,6.0,1.0,0.0,40,7,10
1791,UP,0.0,3.0,6.0,1.0,0.0,40,7,9
1792,B,0.0,4.0,5.0,1.0,0.0,40,7,9
1793,A,0.0,4.0,5.0,1.0,0.0,40,7,9
1794,DOWN,0.0,4.0,5.0,1.0,0.0,40,7,10
1795,B,0.0,3.0,6.0,1.0,0.0,40,7,10
1796,UP,0.0,3.0,6.0,1.0,0.0,40,7,9
1797,UP,0.0,4.0,5.0,1.0,0.0,40,7,8
1798,UP,0.0,5.0,4.0,1.0,0.0,40,7,8
1799,LEFT,0.0,5.0,4.0,1.0,0.0,40,6,8
1800,DOWN,0.0,4.0,5.0,1.0,0.0,40,6,9
1801,RIGHT,0.0,3.0,6.0,1.0,0.0,40,7,9
1802,A,0.0,4.0,5.0,1.0,0.0,40,7,9
1803,LEFT,0.0,4.0,5.0,1.0,0.0,40,6,9
1804,A,0.0,3.0,6.0,1.0,0.0,40,6,9
1805,DOWN,0.0,3.0,6.0,1.0,0.0,40,6,10
1806,B,0.0,2.0,7.0,1.0,0.0,40,6,10
1807,RIGHT,0.0,2.0,7.0,1.0,0.0,40,7,10
1808,LEFT,0.0,3.0,6.0,1.0,0.0,40,6,10
1809,B,0.0,2.0,7.0,1.0,0.0,40,6,10
1810,B,0.0,2.0,7.0,1.0,0.0,40,6,10
1811,B,0.0,2.0,7.0,1.0,0.0,40,6,10
1812,DOWN,0.0,2.0,7.0,1.0,0.0,40,6,11
1813,RIGHT,0.0,1.0,8.0,1.0,0.0,40,7,11
1814,UP,0.0,2.0,7.0,1.0,0.0,40,7,10
1815,B,0.0,3.0,6.0,1.0,0.0,40,7,10
1816,A,0.0,3.0,6.0,1.0,0.0,40,7,10
1817,DOWN,0.0,3.0,6.0,1.0,0.0,40,7,11
1818,LEFT,0.0,2.0,7.0,1.0,0.0,40,6,11
1819,DOWN,0.0,1.0,8.0,1.0,0.0,40,6,11
1820,DOWN,0.0,1.0,8.0,1.0,0.0,40,6,11
1821,UP,0.0,1.0,8.0,1.0,0.0,40,6,10
1822,B,0.0,2.0,7.0,1.0,0.0,40,6,10
1823,B,0.0,2.0,7.0,1.0,0.0,40,6,10
1824,B,0.0,2.0,7.0,1.0,0.0,40,6,10
1825,UP,0.0,2.0,7.0,1.0,0.0,40,6,9
1826,UP,0.0,3.0,6.0,1.0,0.0,40,6,8
1827,UP,0.0,4.0,5.0,1.0,0.0,40,6,8
1828,B,0.0,4.0,5.0,1.0,0.0,40,6,8
1829,B,0.0,4.0,5.0,1.0,0.0,40,6,8
1830,LEFT,0.0,4.0,5.0,1.0,0.0,40,5,8
1831,B,0.0,3.0,6.0,1.0,0.0,40,5,8
1832,DOWN,0.0,3.0,6.0,1.0,0.0,40,5,9
1833,A,0.0,2.0,7.0,1.0,0.0,40,5,9
1834,UP,0.0,2.0,7.0,1.0,0.0,40,5,8
1835,A,0.0,3.0,6.0,1.0,0.0,40,5,8
1836,RIGHT,0.0,3.0,6.0,1.0,0.0,40,6,8
1837,UP,0.0,4.0,5.0,1.0,0.0,40,6,8
1838,UP,0.0,4.0,5.0,1.0,0.0,40,6,8
1839,LEFT,0.0,4.0,5.0,1.0,0.0,40,5,8
1840,RIGHT,0.0,3.0,6.0,1.0,0.0,40,6,8
1841,DOWN,0.0,4.0,5.0,1.0,0.0,40,6,9
1842,A,0.0,3.0,6.0,1.0,0.0,40,6,9
1843,DOWN,0.0,3.0,6.0,1.0,0.0,40,6,10
1844,B,0.0,2.0,7.0,1.0,0.0,40,6,10
1845,DOWN,0.0,2.0,7.0,1.0,0.0,40,6,11
1846,RIGHT,0.0,1.0,8.0,1.0,0.0,40,7,11
1847,LEFT,0.0,2.0,7.0,1.0,0.0,40,6,11
1848,B,0.0,1.0,8.0,1.0,0.0,40,6,11
1849,A,0.0,1.0,8.0,1.0,0.0,40,6,11
1850,UP,0.0,1.0,8.0,1.0,0.0,40,6,10
1851,RIGHT,0.0,2.0,7.0,1.0,0.0,40,7,10
1852,A,0.0,3.0,6.0,1.0,0.0,40,7,10
1853,B,0.0,3.0,6.0,1.0,0.0,40,7,10
1854,UP,0.0,3.0,6.0,1.0,0.0,40,7,10
1855,LEFT,0.0,3.0,6.0,1.0,0.0,40,7,10
1856,RIGHT,0.0,3.0,6.0,1.0,0.0,40,7,10
1857,B,0.0,3.0,6.0,1.0,0.0,40,7,10
1858,DOWN,0.0,3.0,6.0,1.0,0.0,40,7,11
1859,DOWN,0.0,2.0,7.0,1.0,0.0,40,7,11
1860,LEFT,0.0,2.0,7.0,1.0,0.0,40,6,11
1861,A,0.0,1.0,8.0,1.0,0.0,40,6,11
1862,B,0.0,1.0,8.0,1.0,0.0,40,6,11
1863,A,0.0,1.0,8.0,1.0,0.0,40,6,11
1864,B,0.0,1.0,8.0,1.0,0.0,40,6,11
1865,B,0.0,1.0,8.0,1.0,0.0,40,6,11
1866,B,0.0,1.0,8.0,1.0,0.0,40,6,11
1867,B,0.0,1.0,8.0,1.0,0.0,40,6,11
1868,B,0.0,1.0,8.0,1.0,0.0,40,6,11
1869,LEFT,0.0,1.0,8.0,1.0,0.0,40,5,11
1870,RIGHT,0.0,0.0,9.0,1.0,0.0,40,6,11
1871,LEFT,0.0,1.0,8.0,1.0,0.0,40,5,11
1872,A,0.0,0.0,9.0,1.0,0.0,40,5,11
1873,DOWN,0.0,0.0,9.0,1.0,0.0,0,12,12
1874,UP,0.0,13.0,4.0,1.0,0.0,40,5,11
1875,UP,0.0,0.0,9.0,1.0,0.0,40,5,10
1876,UP,0.0,1.0,8.0,1.0,0.0,40,5,9
1877,LEFT,0.0,2.0,7.0,1.0,0.0,40,4,9
1878,UP,0.0,3.0,8.0,1.0,0.0,40,4,8
1879,LEFT,0.0,4.0,7.0,1.0,0.0,40,3,8
1880,A,0.0,5.0,8.0,1.0,0.0,40,3,8
1881,LEFT,0.0,5.0,8.0,1.0,0.0,40,2,8
1882,A,0.0,6.0,9.0,1.0,0.0,40,2,8
1883,LEFT,0.0,6.0,9.0,1.0,0.0,40,1,8
1884,B,0.0,7.0,10.0,1.0,0.0,40,1,8
1885,B,0.0,7.0,10.0,1.0,0.0,40,1,8
1886,UP,0.0,7.0,10.0,1.0,0.0,40,1,8
1887,DOWN,0.0,7.0,10.0,1.0,0.0,40,1,9
1888,RIGHT,0.0,6.0,11.0,1.0,0.0,40,2,9
1889,UP,0.0,5.0,10.0,1.0,0.0,40,2,8
1890,A,0.0,6.0,9.0,1.0,0.0,40,2,8
1891,RIGHT,0.0,6.0,9.0,1.0,0.0,40,2,8
1892,LEFT,0.0,6.0,9.0,1.0,0.0,40,2,8
1893,LEFT,0.0,6.0,9.0,1.0,0.0,40,2,8
1894,B,0.0,6.0,9.0,1.0,0.0,40,2,8
1895,DOWN,0.0,6.0,9.0,1.0,0.0,40,2,9
1896,RIGHT,0.0,5.0,10.0,1.0,0.0,40,3,9
1897,DOWN,0.0,4.0,9.0,1.0,0.0,40,3,10
1898,B,0.0,3.0,10.0,1.0,0.0,40,3,10
1899,LEFT,0.0,3.0,10.0,1.0,0.0,40,3,10
1900,LEFT,0.0,3.0,10.0,1.0,0.0,40,3,10
1901,A,0.0,3.0,10.0,1.0,0.0,40,3,10
1902,RIGHT,0.0,3.0,10.0,1.0,0.0,40,3,10
1903,LEFT,0.0,3.0,10.0,1.0,0.0,40,3,10
1904,B,0.0,3.0,10.0,1.0,0.0,40,3,10
1905,DOWN,0.0,3.0,10.0,1.0,0.0,40,3,11
1906,B,0.0,2.0,11.0,1.0,0.0,40,3,11
1907,A,0.0,2.0,11.0,1.0,0.0,40,3,11
1908,UP,0.0,2.0,11.0,1.0,0.0,40,3,10
1909,LEFT,0.0,3.0,10.0,1.0,0.0,40,3,10
1910,LEFT,0.0,3.0,10.0,1.0,0.0,40,3,10
1911,LEFT,0.0,3.0,10.0,1.0,0.0,40,3,10
1912,B,0.0,3.0,10.0,1.0,0.0,40,3,10
1913,RIGHT,0.0,3.0,10.0,1.0,0.0,40,4,10
1914,A,0.0,2.0,9.0,1.0,0.0,40,4,10
1915,RIGHT,0.0,2.0,9.0,1.0,0.0,40,5,10
1916,RIGHT,0.0,1.0,8.0,1.0,0.0,40,6,10
1917,DOWN,0.0,2.0,7.0,1.0,0.0,40,6,11
1918,A,0.0,1.0,8.0,1.0,0.0,40,6,11
1919,UP,0.0,1.0,8.0,1.0,0.0,40,6,10
1920,UP,0.0,2.0,7.0,1.0,0.0,40,6,9
1921,B,0.0,3.0,6.0,1.0,0.0,40,6,9
1922,A,0.0,3.0,6.0,1.0,0.0,40,6,9
1923,RIGHT,0.0,3.0,6.0,1.0,0.0,40,7,9
1924,B,0.0,4.0,5.0,1.0,0.0,40,7,9
1925,UP,0.0,4.0,5.0,1.0,0.0,40,7,8
1926,LEFT,0.0,5.0,4.0,1.0,0.0,40,6,8
1927,UP,0.0,4.0,5.0,1.0,0.0,40,6,8
1928,LEFT,0.0,4.0,5.0,1.0,0.0,40,5,8
1929,B,0.0,3.0,6.0,1.0,0.0,40,5,8
1930,LEFT,0.0,3.0,6.0,1.0,0.0,40,4,8
1931,LEFT,0.0,4.0,7.0,1.0,0.0,40,3,8
1932,DOWN,0.0,5.0,8.0,1.0,0.0,40,3,9
1933,DOWN,0.0,4.0,9.0,1.0,0.0,40,3,10
1934,UP,0.0,3.0,10.0,1.0,0.0,40,3,9
1935,LEFT,0.0,4.0,9.0,1.0,0.0,40,2,9
1936,DOWN,0.0,5.0,10.0,1.0,0.0,40,2,9
1937,LEFT,0.0,5.0,10.0,1.0,0.0,40,1,9
1938,A,0.0,6.0,11.0,1.0,0.0,40,1,9
1939,A,0.0,6.0,11.0,1.0,0.0,40,1,9
1940,LEFT,0.0,6.0,11.0,1.0,0.0,40,0,9
1941,A,0.0,7.0,12.0,1.0,0.0,40,0,9
1942,B,0.0,7.0,12.0,1.0,0.0,40,0,9
1943,RIGHT,0.0,7.0,12.0,1.0,0.0,40,1,9
1944,LEFT,0.0,6.0,11.0,1.0,0.0,40,0,9
1945,DOWN,0.0,7.0,12.0,1.0,0.0,40,0,10
1946,RIGHT,0.0,6.0,13.0,1.0,0.0,40,1,10
1947,UP,0.0,5.0,12.0,1.0,0.0,40,1,10
1948,RIGHT,0.0,5.0,12.0,1.0,0.0,40,1,10
1949,RIGHT,0.0,5.0,12.0,1.0,0.0,40,1,10
1950,A,0.0,5.0,12.0,1.0,0.0,40,1,10
1951,B,0.0,5.0,12.0,1.0,0.0,40,1,10
1952,UP,0.0,5.0,12.0,1.0,0.0,40,1,10
1953,UP,0.0,5.0,12.0,1.0,0.0,40,1,10
1954,B,0.0,5.0,12.0,1.0,0.0,40,1,10
1955,B,0.0,5.0,12.0,1.0,0.0,40,1,10
1956,DOWN,0.0,5.0,12.0,1.0,0.0,40,1,11
1957,B,0.0,4.0,13.0,1.0,0.0,40,1,11
1958,A,0.0,4.0,13.0,1.0,0.0,40,1,11
1959,UP,0.0,4.0,13.0,1.0,0.0,40,1,10
1960,LEFT,0.0,5.0,12.0,1.0,0.0,40,0,10
1961,DOWN,0.0,6.0,13.0,1.0,0.0,40,0,11
1962,UP,0.0,5.0,14.0,1.0,0.0,40,0,10
1963,RIGHT,0.0,6.0,13.0,1.0,0.0,40,1,10
1964,UP,0.0,5.0,12.0,1.0,0.0,40,1,10
1965,DOWN,0.0,5.0,12.0,1.0,0.0,40,1,11
1966,LEFT,0.0,4.0,13.0,1.0,0.0,40,0,11
1967,RIGHT,0.0,5.0,14.0,1.0,0.0,40,1,11
1968,RIGHT,0.0,4.0,13.0,1.0,0.0,40,2,11
1969,RIGHT,0.0,3.0,12.0,1.0,0.0,40,3,11
1970,LEFT,0.0,2.0,11.0,1.0,0.0,40,2,11
1971,RIGHT,0.0,3.0,12.0,1.0,0.0,40,3,11
1972,LEFT,0.0,2.0,11.0,1.0,0.0,40,2,11
1973,RIGHT,0.0,3.0,12.0,1.0,0.0,40,3,11
1974,A,0.0,2.0,11.0,1.0,0.0,40,3,11
1975,LEFT,0.0,2.0,11.0,1.0,0.0,40,2,11
1976,RIGHT,0.0,3.0,12.0,1.0,0.0,40,3,11
1977,LEFT,0.0,2.0,11.0,1.0,0.0,40,2,11
1978,UP,0.0,3.0,12.0,1.0,0.0,40,2,11
1979,A,0.0,3.0,12.0,1.0,0.0,40,2,11
1980,DOWN,0.0,3.0,12.0,1.0,0.0,40,2,11
1981,A,0.0,3.0,12.0,1.0,0.0,40,2,11
1982,A,0.0,3.0,12.0,1.0,0.0,40,2,11
1983,A,0.0,3.0,12.0,1.0,0.0,40,2,11
1984,A,0.0,3.0,12.0,1.0,0.0,40,2,11
1985,UP,0.0,3.0,12.0,1.0,0.0,40,2,11
1986,RIGHT,0.0,3.0,12.0,1.0,0.0,40,3,11
1987,B,0.0,2.0,11.0,1.0,0.0,40,3,11
1988,RIGHT,0.0,2.0,11.0,1.0,0.0,40,4,11
1989,UP,0.0,1.0,10.0,1.0,0.0,40,4,10
1990,B,0.0,2.0,9.0,1.0,0.0,40,4,10
1991,B,0.0,2.0,9.0,1.0,0.0,40,4,10
1992,A,0.0,2.0,9.0,1.0,0.0,40,4,10
1993,RIGHT,0.0,2.0,9.0,1.0,0.0,40,5,10
1994,DOWN,0.0,1.0,8.0,1.0,0.0,40,5,11
1995,RIGHT,0.0,0.0,9.0,1.0,0.0,40,6,11
1996,A,0.0,1.0,8.0,1.0,0.0,40,6,11
1997,B,0.0,1.0,8.0,1.0,0.0,40,6,11
1998,LEFT,0.0,1.0,8.0,1.0,0.0,40,5,11
1999,B,0.0,0.0,9.0,1.0,0.0,40,5,11
2000,RIGHT,0.0,0.0,9.0,1.0,0.0,40,6,11
2001,UP,0.0,1.0,8.0,1.0,0.0,40,6,10
2002,RIGHT,0.0,2.0,7.0,1.0,0.0,40,7,10
2003,B,0.0,3.0,6.0,1.0,0.0,40,7,10
2004,RIGHT,0.0,3.0,6.0,1.0,0.0,40,7,10
2005,B,0.0,3.0,6.0,1.0,0.0,40,7,10
2006,B,0.0,3.0,6.0,1.0,0.0,40,7,10
2007,UP,0.0,3.0,6.0,1.0,0.0,40,7,9
2008,A,0.0,4.0,5.0,1.0,0.0,40,7,9
2009,DOWN,0.0,4.0,5.0,1.0,0.0,40,7,10
2010,UP,0.0,3.0,6.0,1.0,0.0,40,7,9
2011,RIGHT,0.0,4.0,5.0,1.0,0.0,40,8,9
2012,RIGHT,0.0,5.0,6.0,1.0,0.0,40,9,9
2013,RIGHT,0.0,6.0,7.0,1.0,0.0,40,9,9
2014,LEFT,0.0,6.0,7.0,1.0,0.0,40,8,9
2015,DOWN,0.0,5.0,6.0,1.0,0.0,40,8,9
2016,UP,0.0,5.0,6.0,1.0,0.0,40,8,8
2017,B,0.0,6.0,5.0,1.0,0.0,40,8,8
2018,LEFT,0.0,6.0,5.0,1.0,0.0,40,7,8
2019,UP,0.0,5.0,4.0,1.0,0.0,40,7,8
2020,B,0.0,5.0,4.0,1.0,0.0,40,7,8
2021,B,0.0,5.0,4.0,1.0,0.0,40,7,8
2022,RIGHT,0.0,5.0,4.0,1.0,0.0,40,8,8
2023,LEFT,0.0,6.0,5.0,1.0,0.0,40,7,8
2024,LEFT,0.0,5.0,4.0,1.0,0.0,40,6,8
2025,LEFT,0.0,4.0,5.0,1.0,0.0,40,5,8
2026,RIGHT,0.0,3.0,6.0,1.0,0.0,40,6,8
2027,UP,0.0,4.0,5.0,1.0,0.0,40,6,8
2028,LEFT,0.0,4.0,5.0,1.0,0.0,40,5,8
2029,A,0.0,3.0,6.0,1.0,0.0,40,5,8
2030,UP,0.0,3.0,6.0,1.0,0.0,40,5,7
2031,LEFT,0.0,4.0,5.0,1.0,0.0,40,4,7
2032,A,0.0,5.0,6.0,1.0,0.0,40,4,7
2033,LEFT,0.0,5.0,6.0,1.0,0.0,40,4,7
2034,DOWN,0.0,5.0,6.0,1.0,0.0,40,4,8
2035,LEFT,0.0,4.0,7.0,1.0,0.0,40,3,8
2036,B,0.0,5.0,8.0,1.0,0.0,40,3,8
2037,LEFT,0.0,5.0,8.0,1.0,0.0,40,2,8
2038,RIGHT,0.0,6.0,9.0,1.0,0.0,40,3,8
2039,UP,0.0,5.0,8.0,1.0,0.0,40,3,8
2040,LEFT,0.0,5.0,8.0,1.0,0.0,40,2,8
2041,RIGHT,0.0,6.0,9.0,1.0,0.0,40,3,8
2042,B,0.0,5.0,8.0,1.0,0.0,40,3,8
2043,B,0.0,5.0,8.0,1.0,0.0,40,3,8
2044,RIGHT,0.0,5.0,8.0,1.0,0.0,40,4,8
2045,RIGHT,0.0,4.0,7.0,1.0,0.0,40,5,8
2046,B,0.0,3.0,6.0,1.0,0.0,40,5,8
2047,B,0.0,3.0,6.0,1.0,0.0,40,5,8
2048,UP,0.0,3.0,6.0,1.0,0.0,40,5,7
